page_source,renderer,line,kind,label,callback,key,options,context_args,enclosing_navigation_and_commands,side_effect_review,navigation_only
src/executive_health_ai/ui/components.py,secondary_details,21,expander,title,,,, ,,导航/筛选/选择/展示；见回调,True
src/executive_health_ai/ui/components.py,advanced_details,25,expander,title,,,, ,,导航/筛选/选择/展示；见回调,True
src/executive_health_ai/ui/components.py,work_item_row,48,button,label,,key,, ,,导航/筛选/选择/展示；见回调,False
src/executive_health_ai/ui/components.py,business_table,95,data_table,*args,,,, ,,导航/筛选/选择/展示；见回调,True
src/executive_health_ai/ui/components.py,filter_bar,102,selectbox,'状态',,key + '-state',['全部'] + list(statuses), ,,导航/筛选/选择/展示；见回调,True
src/executive_health_ai/ui/components.py,filter_bar,103,selectbox,'负责人',,key + '-owner',['全部'] + list(owners), ,,导航/筛选/选择/展示；见回调,True
src/executive_health_ai/ui/components.py,detail_drawer,122,button,'关闭',,key + '-close',, ,"st.session_state.get(table_key + '-epoch', 0)",导航/筛选/选择/展示；见回调,False
src/executive_health_ai/ui/components.py,stage_stepper,154,button,f'{state} {phase.title} · {label}',,key + '-' + str(phase.id),, ,"st.session_state.get(key, str(current_id) if current_id else ids[0])",导航/筛选/选择/展示；见回调,False
src/executive_health_ai/ui/components/ai_citations.py,_render_group,32,link_button,'查看来源',,,, ,,导航/筛选/选择/展示；见回调,True
src/executive_health_ai/ui/components/ai_citations.py,render_ai_citations,45,expander,'查看依据',,,, ,"_render_group('事实依据', answer.fact_citations) | _render_group('知识依据', answer.knowledge_citations)",导航/筛选/选择/展示；见回调,True
src/executive_health_ai/ui/pages/admin/experience.py,integrations,30,data_table,rows,,'integrations',, ,"st.session_state.get('integration-center-mode') | st.session_state.get('integration-grid-last') | app._render_data_package_import(key_prefix='integration-data') | st.session_state.get(f'integration-tested-{mode}', '暂无本次会话测试') | app._render_ai_service_integration() | app._render_knowledge_service_integration() | app._render_device_integration()",导航/筛选/选择/展示；见回调,True
src/executive_health_ai/ui/pages/admin/experience.py,workspace,56,radio,'系统',,'ux-admin-navigation',"['系统状态', '自动化运行', '数据与集成', '规则与知识']", ,"app._render_admin_automation() | {'规则': app.render_risk_rules, '专业知识': app._render_knowledge_service_integration}[mode]() | app.render_ai_improvement(app.SessionLocal) | app.render_audit(app._audit_context(member.id))",导航/筛选/选择/展示；见回调,True
src/executive_health_ai/ui/pages/admin/experience.py,workspace,62,radio,'自动化工作',,,"['运行记录', '管理工具']", ,"app._render_admin_automation() | {'规则': app.render_risk_rules, '专业知识': app._render_knowledge_service_integration}[mode]() | app.render_ai_improvement(app.SessionLocal) | app.render_audit(app._audit_context(member.id))",导航/筛选/选择/展示；见回调,True
src/executive_health_ai/ui/pages/admin/experience.py,workspace,67,radio,'配置内容',,,"['规则', '专业知识', '设备']", ,"app._render_admin_automation() | {'规则': app.render_risk_rules, '专业知识': app._render_knowledge_service_integration}[mode]() | app.render_ai_improvement(app.SessionLocal) | app.render_audit(app._audit_context(member.id))",导航/筛选/选择/展示；见回调,True
src/executive_health_ai/ui/pages/admin/experience.py,workspace,70,button,'打开设备接入',_open_device,,, ,"app._render_admin_automation() | {'规则': app.render_risk_rules, '专业知识': app._render_knowledge_service_integration}[mode]() | app.render_ai_improvement(app.SessionLocal) | app.render_audit(app._audit_context(member.id))",导航/筛选/选择/展示；见回调,False
src/executive_health_ai/ui/pages/admin/experience.py,workspace,88,button,'检查数据与集成',_open_integrations,'system-open-integrations',, ,"app._render_admin_automation() | {'规则': app.render_risk_rules, '专业知识': app._render_knowledge_service_integration}[mode]() | app.render_ai_improvement(app.SessionLocal) | app.render_audit(app._audit_context(member.id))",导航/筛选/选择/展示；见回调,False
src/executive_health_ai/ui/pages/admin/experience.py,workspace,91,expander,'操作记录',,,, ,"app._render_admin_automation() | {'规则': app.render_risk_rules, '专业知识': app._render_knowledge_service_integration}[mode]() | app.render_ai_improvement(app.SessionLocal) | app.render_audit(app._audit_context(member.id))",导航/筛选/选择/展示；见回调,True
src/executive_health_ai/ui/pages/admin/experience.py,workspace,92,checkbox,'显示已归档成员',,,, ,"app._render_admin_automation() | {'规则': app.render_risk_rules, '专业知识': app._render_knowledge_service_integration}[mode]() | app.render_ai_improvement(app.SessionLocal) | app.render_audit(app._audit_context(member.id))",导航/筛选/选择/展示；见回调,False
src/executive_health_ai/ui/pages/admin/experience.py,workspace,95,selectbox,'选择成员',,,members, ,"app._render_admin_automation() | {'规则': app.render_risk_rules, '专业知识': app._render_knowledge_service_integration}[mode]() | app.render_ai_improvement(app.SessionLocal) | app.render_audit(app._audit_context(member.id))",导航/筛选/选择/展示；见回调,True
src/executive_health_ai/ui/pages/admin/experience.py,workspace,100,expander,'AI质量治理（高级）',,,, ,"app._render_admin_automation() | {'规则': app.render_risk_rules, '专业知识': app._render_knowledge_service_integration}[mode]() | app.render_ai_improvement(app.SessionLocal) | app.render_audit(app._audit_context(member.id))",导航/筛选/选择/展示；见回调,True
src/executive_health_ai/ui/pages/admin/experience.py,legacy_tools,107,expander,'高级信息 · 兼容工具',,,, ,"render_support_directory(app) | st.session_state.get('v2-legacy-active') | app.render_health_data(member.id) | app.render_report_comparison(member) | app.render_intervention_comparison(member) | app.render_data_gateway(members) | app.render_member_device_assignments(members) | app.render_demo_story(members) | app.render_global_alert_workspace(members) | app.render_overview(member, ctx) | app.render_simple_health_problems(member, ctx) | app.render_simple_medical_records(member, ctx) | app.render_observations(ctx) | app.render_data_sources(ctx) | app.render_outcomes(ctx) | app.render_timeline(member, ctx)",导航/筛选/选择/展示；见回调,True
src/executive_health_ai/ui/pages/admin/experience.py,legacy_tools,116,selectbox,'兼容工具成员',,'v2-legacy-member',members, ,"render_support_directory(app) | st.session_state.get('v2-legacy-active') | app.render_health_data(member.id) | app.render_report_comparison(member) | app.render_intervention_comparison(member) | app.render_data_gateway(members) | app.render_member_device_assignments(members) | app.render_demo_story(members) | app.render_global_alert_workspace(members) | app.render_overview(member, ctx) | app.render_simple_health_problems(member, ctx) | app.render_simple_medical_records(member, ctx) | app.render_observations(ctx) | app.render_data_sources(ctx) | app.render_outcomes(ctx) | app.render_timeline(member, ctx)",导航/筛选/选择/展示；见回调,True
src/executive_health_ai/ui/pages/admin/experience.py,legacy_tools,118,selectbox,'选择兼容工具',,'v2-legacy-tool',options, ,"render_support_directory(app) | st.session_state.get('v2-legacy-active') | app.render_health_data(member.id) | app.render_report_comparison(member) | app.render_intervention_comparison(member) | app.render_data_gateway(members) | app.render_member_device_assignments(members) | app.render_demo_story(members) | app.render_global_alert_workspace(members) | app.render_overview(member, ctx) | app.render_simple_health_problems(member, ctx) | app.render_simple_medical_records(member, ctx) | app.render_observations(ctx) | app.render_data_sources(ctx) | app.render_outcomes(ctx) | app.render_timeline(member, ctx)",导航/筛选/选择/展示；见回调,True
src/executive_health_ai/ui/pages/admin/experience.py,legacy_tools,119,button,'打开兼容工具',,'v2-legacy-open',, ,"render_support_directory(app) | st.session_state.get('v2-legacy-active') | app.render_health_data(member.id) | app.render_report_comparison(member) | app.render_intervention_comparison(member) | app.render_data_gateway(members) | app.render_member_device_assignments(members) | app.render_demo_story(members) | app.render_global_alert_workspace(members) | app.render_overview(member, ctx) | app.render_simple_health_problems(member, ctx) | app.render_simple_medical_records(member, ctx) | app.render_observations(ctx) | app.render_data_sources(ctx) | app.render_outcomes(ctx) | app.render_timeline(member, ctx)",导航/筛选/选择/展示；见回调,False
src/executive_health_ai/ui/pages/admin/member_history.py,render,11,selectbox,'历史记录表（只读）',,'archived-history-table',sorted(tables), ,,导航/筛选/选择/展示；见回调,True
src/executive_health_ai/ui/pages/admin/post_checkup.py,monitor,17,button,'← 返回自动化运行',,,, ,"st.session_state.get('admin-care-board') | st.session_state.pop('admin-care-board', None) | st.session_state.get('admin-care-epoch', 0) | session.commit()",包含提交动作，请结合分支核对,False
src/executive_health_ai/ui/pages/admin/post_checkup.py,monitor,32,expander,'技术详情',,,, ,"st.session_state.get('admin-care-board') | st.session_state.pop('admin-care-board', None) | st.session_state.get('admin-care-epoch', 0) | session.commit()",包含提交动作，请结合分支核对,True
src/executive_health_ai/ui/pages/admin/post_checkup.py,monitor,37,button,'重新读取已补充资料',,'care-admin-retry',, ,"st.session_state.get('admin-care-board') | st.session_state.pop('admin-care-board', None) | st.session_state.get('admin-care-epoch', 0) | session.commit()",包含提交动作，请结合分支核对,False
src/executive_health_ai/ui/pages/admin/post_checkup.py,monitor,48,data_table,goals,,"f""care-admin-runs-{st.session_state.get('admin-care-epoch', 0)}""",, ,"st.session_state.get('admin-care-board') | st.session_state.pop('admin-care-board', None) | st.session_state.get('admin-care-epoch', 0) | session.commit()",包含提交动作，请结合分支核对,True
src/executive_health_ai/ui/pages/baseline_visualization.py,render_baseline_visualization,87,expander,'查看更新记录',,,, ,"render_baseline_progress(view, key_prefix=key_prefix) | render_metric_evidence(patient.id, metric.source_candidate_id, key_scope=f'{key_prefix}-metric-evidence-{metric.code}', client_view=client_view)",导航/筛选/选择/展示；见回调,True
src/executive_health_ai/ui/pages/baseline_visualization.py,render_baseline_progress,119,selectbox,'选择指标',,f'{key_prefix}-trend-metric',list(options), ,_render_comparison_details(view),导航/筛选/选择/展示；见回调,True
src/executive_health_ai/ui/pages/baseline_visualization.py,render_baseline_progress,120,selectbox,'时间范围',,f'{key_prefix}-trend-window',"['当前管理周期', '7天', '30天', '3个月', '6个月', '1年', '全部']", ,_render_comparison_details(view),导航/筛选/选择/展示；见回调,True
src/executive_health_ai/ui/pages/baseline_visualization.py,render_baseline_overview,181,expander,'资料覆盖与查看依据',,,, ,"render_baseline_progress(view, key_prefix=key_prefix)",导航/筛选/选择/展示；见回调,True
src/executive_health_ai/ui/pages/baseline_visualization.py,_render_comparison_details,189,expander,label,,,, ,,导航/筛选/选择/展示；见回调,True
src/executive_health_ai/ui/pages/doctor/experience.py,detail,46,expander,'重要健康背景与年度基线',,,, ,"render_doctor_trend(patient.id, review) | st.form_submit_button('提交判断', type='primary') | app._render_evidence_action(payload, key_scope=f'ux-doctor-evidence-{review.id}') | complete_review(session, session.get(DoctorReview, review.id), doctor, department, opinion, instruction, datetime.combine(due, time(9), ux.LOCAL)) | session.commit()",包含提交动作，请结合分支核对,True
src/executive_health_ai/ui/pages/doctor/experience.py,detail,63,expander,'完整资料位置与核对信息',,,, ,"render_doctor_trend(patient.id, review) | st.form_submit_button('提交判断', type='primary') | app._render_evidence_action(payload, key_scope=f'ux-doctor-evidence-{review.id}') | complete_review(session, session.get(DoctorReview, review.id), doctor, department, opinion, instruction, datetime.combine(due, time(9), ux.LOCAL)) | session.commit()",包含提交动作，请结合分支核对,True
src/executive_health_ai/ui/pages/doctor/experience.py,detail,69,expander,'已采取行动',,,, ,"render_doctor_trend(patient.id, review) | st.form_submit_button('提交判断', type='primary') | app._render_evidence_action(payload, key_scope=f'ux-doctor-evidence-{review.id}') | complete_review(session, session.get(DoctorReview, review.id), doctor, department, opinion, instruction, datetime.combine(due, time(9), ux.LOCAL)) | session.commit()",包含提交动作，请结合分支核对,True
src/executive_health_ai/ui/pages/doctor/experience.py,detail,94,form_submit_button,'提交判断',,,, ,"render_doctor_trend(patient.id, review) | st.form_submit_button('提交判断', type='primary') | app._render_evidence_action(payload, key_scope=f'ux-doctor-evidence-{review.id}') | complete_review(session, session.get(DoctorReview, review.id), doctor, department, opinion, instruction, datetime.combine(due, time(9), ux.LOCAL)) | session.commit()",包含提交动作，请结合分支核对,False
src/executive_health_ai/ui/pages/doctor/experience.py,workspace,112,radio,'医生工作',,'doctor-navigation',"['待我判断', '历史']", ,"st.session_state.get('doctor-navigation-last') | st.session_state.get('doctor-selected-work') | st.session_state.pop('doctor-selected-work', None) | st.session_state.pop('doctor-flash', None) | st.session_state.get('doctor-grid-all-epoch', 0)",导航/筛选/选择/展示；见回调,True
src/executive_health_ai/ui/pages/doctor/experience.py,workspace,124,button,'← 返回' + mode,,,, ,"st.session_state.get('doctor-navigation-last') | st.session_state.get('doctor-selected-work') | st.session_state.pop('doctor-selected-work', None) | st.session_state.pop('doctor-flash', None) | st.session_state.get('doctor-grid-all-epoch', 0)",导航/筛选/选择/展示；见回调,False
src/executive_health_ai/ui/pages/doctor/experience.py,workspace,137,data_table,rows,,'doctor-grid-all',, ,"st.session_state.get('doctor-navigation-last') | st.session_state.get('doctor-selected-work') | st.session_state.pop('doctor-selected-work', None) | st.session_state.pop('doctor-flash', None) | st.session_state.get('doctor-grid-all-epoch', 0)",导航/筛选/选择/展示；见回调,True
src/executive_health_ai/ui/pages/health_trend_panel.py,render_result,93,button,'查看全部时间',show_all,f'{key}-all-time',,"(period_key,) ","render_metric_trend(visible, key=f'{key}-chart', baseline_metrics=metrics, current_marker=True) | st.session_state.get(period_key)",导航/筛选/选择/展示；见回调,False
src/executive_health_ai/ui/pages/health_visualization.py,render_previews,27,button,'查看趋势',,f'{key}-open-{code}',, ,"open_trend() | render_compact_sparkline(code, group, key=f'{key}-{code}')",导航/筛选/选择/展示；见回调,False
src/executive_health_ai/ui/pages/health_visualization.py,render_previews,31,button,'查看健康变化',,f'{key}-open',, ,"open_trend() | render_compact_sparkline(code, group, key=f'{key}-{code}')",导航/筛选/选择/展示；见回调,False
src/executive_health_ai/ui/pages/health_visualization.py,render_health_explorer,57,selectbox,'选择健康指标',,key,list(options), ,"st.session_state.pop(f'health-metric-pending-{patient_id}', None) | panel.render_result(visible, group, metrics, code=code, key=key, period_key=period_key) | st.session_state.get(key) | st.session_state.get(f'health-data-window-{patient_id}') | st.session_state.get(period_key)",导航/筛选/选择/展示；见回调,True
src/executive_health_ai/ui/pages/health_visualization.py,render_health_explorer,65,segmented_control,'时间范围',,period_key,, ,"st.session_state.pop(f'health-metric-pending-{patient_id}', None) | panel.render_result(visible, group, metrics, code=code, key=key, period_key=period_key) | st.session_state.get(key) | st.session_state.get(f'health-data-window-{patient_id}') | st.session_state.get(period_key)",导航/筛选/选择/展示；见回调,False
src/executive_health_ai/ui/pages/health_visualization.py,render_health_explorer,85,expander,'数据来源与记录',,,, ,"st.session_state.pop(f'health-metric-pending-{patient_id}', None) | panel.render_result(visible, group, metrics, code=code, key=key, period_key=period_key) | st.session_state.get(key) | st.session_state.get(f'health-data-window-{patient_id}') | st.session_state.get(period_key)",导航/筛选/选择/展示；见回调,True
src/executive_health_ai/ui/pages/health_visualization.py,render_report_trends,98,selectbox,'比较体检指标',,f'{key}-metric',list(options), ,"render_report_comparison(group, key=f'{key}-chart')",导航/筛选/选择/展示；见回调,True
src/executive_health_ai/ui/pages/health_visualization.py,render_doctor_trend,115,selectbox,'复核指标',,f'review-trend-{review.id}',list(options), ,"render_metric_trend(filter_period(group, period), key=f'review-chart-{review.id}')",导航/筛选/选择/展示；见回调,True
src/executive_health_ai/ui/pages/health_visualization.py,render_doctor_trend,117,selectbox,'复核趋势范围',,f'review-period-{review.id}',list(PERIODS), ,"render_metric_trend(filter_period(group, period), key=f'review-chart-{review.id}')",导航/筛选/选择/展示；见回调,True
src/executive_health_ai/ui/pages/manager/action_loop.py,render,34,button,'← 返回本会员管理工作区',,'action-back',, ,st.session_state.get(key) | st.session_state.get(f'action-following-{patient.id}'),导航/筛选/选择/展示；见回调,False
src/executive_health_ai/ui/pages/manager/action_loop.py,render,39,button,'继续处理下一项',,,, ,st.session_state.get(key) | st.session_state.get(f'action-following-{patient.id}'),导航/筛选/选择/展示；见回调,False
src/executive_health_ai/ui/pages/manager/action_loop.py,render,44,button,'继续' + label,,'action-following',, ,st.session_state.get(key) | st.session_state.get(f'action-following-{patient.id}'),导航/筛选/选择/展示；见回调,False
src/executive_health_ai/ui/pages/manager/action_loop.py,render,59,button,'继续处理下一项',,,, ,st.session_state.get(key) | st.session_state.get(f'action-following-{patient.id}'),导航/筛选/选择/展示；见回调,False
src/executive_health_ai/ui/pages/manager/action_loop.py,render,69,button,'立即处理',,'action-immediate',, ,st.session_state.get(key) | st.session_state.get(f'action-following-{patient.id}'),导航/筛选/选择/展示；见回调,False
src/executive_health_ai/ui/pages/manager/action_loop.py,render,74,data_table,state['items'],,f'action-open-{patient.id}',, ,st.session_state.get(key) | st.session_state.get(f'action-following-{patient.id}'),导航/筛选/选择/展示；见回调,True
src/executive_health_ai/ui/pages/manager/action_loop.py,quick_actions,86,button,label,,'action-create-' + label,, ,,导航/筛选/选择/展示；见回调,False
src/executive_health_ai/ui/pages/manager/action_loop.py,stage_prompt,91,button,'进入下一阶段',,'action-next-phase',, ,,导航/筛选/选择/展示；见回调,False
src/executive_health_ai/ui/pages/manager/action_loop.py,stage_prompt,95,button,'开始阶段复盘',,'action-review',, ,,导航/筛选/选择/展示；见回调,False
src/executive_health_ai/ui/pages/manager/action_loop.py,detail,120,button,'进入本会员医生协同',,,, ,"st.session_state.setdefault('action-request-' + item.id, str(uuid4())) | app._render_current_risk_actions(patient, selected_id=item.record.risk_event_id) | app.request_navigation(surface='运营后台', ops_page='成员', member_id=patient.id, member_section='医疗') | st.form_submit_button('完成本次处理', type='primary') | st.session_state.pop('action-request-' + item.id, None) | session.commit()",包含提交动作，请结合分支核对,False
src/executive_health_ai/ui/pages/manager/action_loop.py,detail,131,radio,'结果状态',,,"['已完成', '部分完成', '未完成']", ,"st.session_state.setdefault('action-request-' + item.id, str(uuid4())) | app._render_current_risk_actions(patient, selected_id=item.record.risk_event_id) | app.request_navigation(surface='运营后台', ops_page='成员', member_id=patient.id, member_section='医疗') | st.form_submit_button('完成本次处理', type='primary') | st.session_state.pop('action-request-' + item.id, None) | session.commit()",包含提交动作，请结合分支核对,True
src/executive_health_ai/ui/pages/manager/action_loop.py,detail,133,selectbox,'下一步',,,"['无需后续', '继续随访', '安排复查', '申请服务', '提交医生']", ,"st.session_state.setdefault('action-request-' + item.id, str(uuid4())) | app._render_current_risk_actions(patient, selected_id=item.record.risk_event_id) | app.request_navigation(surface='运营后台', ops_page='成员', member_id=patient.id, member_section='医疗') | st.form_submit_button('完成本次处理', type='primary') | st.session_state.pop('action-request-' + item.id, None) | session.commit()",包含提交动作，请结合分支核对,True
src/executive_health_ai/ui/pages/manager/action_loop.py,detail,137,form_submit_button,'完成本次处理',,,, ,"st.session_state.setdefault('action-request-' + item.id, str(uuid4())) | app._render_current_risk_actions(patient, selected_id=item.record.risk_event_id) | app.request_navigation(surface='运营后台', ops_page='成员', member_id=patient.id, member_section='医疗') | st.form_submit_button('完成本次处理', type='primary') | st.session_state.pop('action-request-' + item.id, None) | session.commit()",包含提交动作，请结合分支核对,False
src/executive_health_ai/ui/pages/manager/action_loop.py,create,166,selectbox,'申请服务项目',,,catalog, ,"st.form_submit_button('创建随访待办', type='primary') | st.form_submit_button('提交服务申请', type='primary') | session.commit()",包含提交动作，请结合分支核对,True
src/executive_health_ai/ui/pages/manager/action_loop.py,create,168,form_submit_button,'提交服务申请',,,, ,"st.form_submit_button('创建随访待办', type='primary') | st.form_submit_button('提交服务申请', type='primary') | session.commit()",包含提交动作，请结合分支核对,False
src/executive_health_ai/ui/pages/manager/action_loop.py,create,184,form_submit_button,'创建随访待办',,,, ,"st.form_submit_button('创建随访待办', type='primary') | st.form_submit_button('提交服务申请', type='primary') | session.commit()",包含提交动作，请结合分支核对,False
src/executive_health_ai/ui/pages/manager/action_loop.py,stage_detail,205,checkbox,'未解决问题需要医生判断',,,, ,"st.form_submit_button('确认并进入下一阶段', type='primary') | st.form_submit_button('确认阶段总结', type='primary') | session.commit()",包含提交动作，请结合分支核对,False
src/executive_health_ai/ui/pages/manager/action_loop.py,stage_detail,206,checkbox,'我已核对阶段结果，确认本次复盘',,,, ,"st.form_submit_button('确认并进入下一阶段', type='primary') | st.form_submit_button('确认阶段总结', type='primary') | session.commit()",包含提交动作，请结合分支核对,False
src/executive_health_ai/ui/pages/manager/action_loop.py,stage_detail,207,form_submit_button,'确认阶段总结',,,, ,"st.form_submit_button('确认并进入下一阶段', type='primary') | st.form_submit_button('确认阶段总结', type='primary') | session.commit()",包含提交动作，请结合分支核对,False
src/executive_health_ai/ui/pages/manager/action_loop.py,stage_detail,236,form_submit_button,'确认并进入下一阶段',,,, ,"st.form_submit_button('确认并进入下一阶段', type='primary') | st.form_submit_button('确认阶段总结', type='primary') | session.commit()",包含提交动作，请结合分支核对,False
src/executive_health_ai/ui/pages/manager/ai_support.py,knowledge_detail,23,link_button,'查看原始来源',,,, ,,导航/筛选/选择/展示；见回调,True
src/executive_health_ai/ui/pages/manager/ai_support.py,panel,46,button,'查看依据',,f'{key}-knowledge-{goal.id}-{index}',, ,,导航/筛选/选择/展示；见回调,False
src/executive_health_ai/ui/pages/manager/ai_support.py,panel,49,button,'查看摘要',,f'{key}-summary-{goal.id}',, ,,导航/筛选/选择/展示；见回调,False
src/executive_health_ai/ui/pages/manager/annual.py,choose,33,selectbox,label,,key,options, ,,导航/筛选/选择/展示；见回调,True
src/executive_health_ai/ui/pages/manager/annual.py,render,77,data_table,rows,,'annual-members',, ,"st.session_state.get('annual-saved-filters', {}) | open_member(app, chosen)",导航/筛选/选择/展示；见回调,True
src/executive_health_ai/ui/pages/manager/assessment_import.py,panel,16,expander,'资料来源与待核对内容',,,, ,session.commit(),包含提交动作，请结合分支核对,True
src/executive_health_ai/ui/pages/manager/assessment_import.py,panel,21,download_button,'查看原文件 · ' + f['document'].title,,'intake-source-' + str(goal.id),, ,session.commit(),包含提交动作，请结合分支核对,False
src/executive_health_ai/ui/pages/manager/assessment_import.py,panel,27,button,'记录人工处理',,'file-check-' + str(goal.id),, ,session.commit(),包含提交动作，请结合分支核对,False
src/executive_health_ai/ui/pages/manager/assistant.py,assistant,87,button,'查看最近运行',open_care,'assistant-latest',,"(app, recent[0]) ","st.session_state.get('assistant-history-all', False) | _completed_rows(app, people, visible) | completed_values(recent[0], app._member_display(people.get(recent[0].member_id)))",导航/筛选/选择/展示；见回调,False
src/executive_health_ai/ui/pages/manager/assistant.py,assistant,90,button,'查看最近运行',,'assistant-latest',, ,"st.session_state.get('assistant-history-all', False) | _completed_rows(app, people, visible) | completed_values(recent[0], app._member_display(people.get(recent[0].member_id)))",导航/筛选/选择/展示；见回调,False
src/executive_health_ai/ui/pages/manager/assistant.py,assistant,110,button,'收起历史' if show_all else '查看全部历史',_toggle_history,'assistant-history-toggle',, ,"st.session_state.get('assistant-history-all', False) | _completed_rows(app, people, visible) | completed_values(recent[0], app._member_display(people.get(recent[0].member_id)))",导航/筛选/选择/展示；见回调,False
src/executive_health_ai/ui/pages/manager/assistant.py,_completed_rows,158,button,'查看',open_care,f'completed-view-{goal.id}',,"(app, goal) ","completed_values(goal, app._member_display(people.get(goal.member_id)))",导航/筛选/选择/展示；见回调,False
src/executive_health_ai/ui/pages/manager/assistant.py,_cards,175,button,'处理资料与初评',open_care,'profile-assistant-' + str(goal.id),,"(app, goal) ",ux.local_time(goal.completed_at).strftime('%Y-%m-%d %H:%M'),导航/筛选/选择/展示；见回调,False
src/executive_health_ai/ui/pages/manager/assistant.py,_cards,199,button,'查看运行看板',open_care,f'assistant-open-{goal.id}',,"(app, goal) ",ux.local_time(goal.completed_at).strftime('%Y-%m-%d %H:%M'),导航/筛选/选择/展示；见回调,False
src/executive_health_ai/ui/pages/manager/assistant.py,_cards,202,button,'查看运行看板',open_care,f'assistant-progress-{goal.id}',,"(app, goal) ",ux.local_time(goal.completed_at).strftime('%Y-%m-%d %H:%M'),导航/筛选/选择/展示；见回调,False
src/executive_health_ai/ui/pages/manager/experience.py,approvals,23,data_table,rows,,f'approvals-{patient_id}-{role}',, ,"app.request_navigation(surface='运营后台', ops_page='今日') | session.commit()",包含提交动作，请结合分支核对,True
src/executive_health_ai/ui/pages/manager/experience.py,approvals,27,button,'处理本次体检报告',,f'care-approval-open-{goal.id}',, ,"app.request_navigation(surface='运营后台', ops_page='今日') | session.commit()",包含提交动作，请结合分支核对,False
src/executive_health_ai/ui/pages/manager/experience.py,approvals,31,expander,'需要您确认 · ' + ux.business_text(goal.title),,,, ,"app.request_navigation(surface='运营后台', ops_page='今日') | session.commit()",包含提交动作，请结合分支核对,True
src/executive_health_ai/ui/pages/manager/experience.py,approvals,34,radio,'处理决定',,f'approval-choice-{approval.id}',"['同意继续', '退回人工处理']", ,"app.request_navigation(surface='运营后台', ops_page='今日') | session.commit()",包含提交动作，请结合分支核对,True
src/executive_health_ai/ui/pages/manager/experience.py,approvals,36,button,'确认处理',,f'approval-submit-{approval.id}',, ,"app.request_navigation(surface='运营后台', ops_page='今日') | session.commit()",包含提交动作，请结合分支核对,False
src/executive_health_ai/ui/pages/manager/experience.py,management,71,selectbox,'当前管理计划',,key,list(names), ,"st.session_state.pop('ux-manager-flash', None) | st.session_state.pop(f'ux-program-pending-{patient.id}', None) | st.form_submit_button('保存健康计划', type='primary') | st.form_submit_button('安排随访', type='primary') | app.render_tasks(ctx) | session.commit() | st.form_submit_button('记录阶段结果并安排下一步', type='primary') | app.render_programs(patient, {**ctx, 'programs': [program] if program else []}) | app._render_member_automation_status(patient.id, audience='manager') | app.render_member_management_signals(patient, ctx)",包含提交动作，请结合分支核对,True
src/executive_health_ai/ui/pages/manager/experience.py,management,76,radio,'管理操作',,f'ux-management-{patient.id}',"['工作进展', '建立 / 调整计划', '安排随访', '记录阶段结果']", ,"st.session_state.pop('ux-manager-flash', None) | st.session_state.pop(f'ux-program-pending-{patient.id}', None) | st.form_submit_button('保存健康计划', type='primary') | st.form_submit_button('安排随访', type='primary') | app.render_tasks(ctx) | session.commit() | st.form_submit_button('记录阶段结果并安排下一步', type='primary') | app.render_programs(patient, {**ctx, 'programs': [program] if program else []}) | app._render_member_automation_status(patient.id, audience='manager') | app.render_member_management_signals(patient, ctx)",包含提交动作，请结合分支核对,True
src/executive_health_ai/ui/pages/manager/experience.py,management,78,checkbox,'建立新计划',,f'ux-new-program-{patient.id}',, ,"st.session_state.pop('ux-manager-flash', None) | st.session_state.pop(f'ux-program-pending-{patient.id}', None) | st.form_submit_button('保存健康计划', type='primary') | st.form_submit_button('安排随访', type='primary') | app.render_tasks(ctx) | session.commit() | st.form_submit_button('记录阶段结果并安排下一步', type='primary') | app.render_programs(patient, {**ctx, 'programs': [program] if program else []}) | app._render_member_automation_status(patient.id, audience='manager') | app.render_member_management_signals(patient, ctx)",包含提交动作，请结合分支核对,False
src/executive_health_ai/ui/pages/manager/experience.py,management,83,selectbox,'计划周期',,,"['NINETY_DAY', 'ANNUAL', 'STABILIZATION']", ,"st.session_state.pop('ux-manager-flash', None) | st.session_state.pop(f'ux-program-pending-{patient.id}', None) | st.form_submit_button('保存健康计划', type='primary') | st.form_submit_button('安排随访', type='primary') | app.render_tasks(ctx) | session.commit() | st.form_submit_button('记录阶段结果并安排下一步', type='primary') | app.render_programs(patient, {**ctx, 'programs': [program] if program else []}) | app._render_member_automation_status(patient.id, audience='manager') | app.render_member_management_signals(patient, ctx)",包含提交动作，请结合分支核对,True
src/executive_health_ai/ui/pages/manager/experience.py,management,87,selectbox,'首次人工评估层级（已有评估时沿用）',,,"['NEEDS_MEDICAL_EVALUATION', 'LOW', 'MODERATE', 'HIGH']", ,"st.session_state.pop('ux-manager-flash', None) | st.session_state.pop(f'ux-program-pending-{patient.id}', None) | st.form_submit_button('保存健康计划', type='primary') | st.form_submit_button('安排随访', type='primary') | app.render_tasks(ctx) | session.commit() | st.form_submit_button('记录阶段结果并安排下一步', type='primary') | app.render_programs(patient, {**ctx, 'programs': [program] if program else []}) | app._render_member_automation_status(patient.id, audience='manager') | app.render_member_management_signals(patient, ctx)",包含提交动作，请结合分支核对,True
src/executive_health_ai/ui/pages/manager/experience.py,management,88,form_submit_button,'保存健康计划',,,, ,"st.session_state.pop('ux-manager-flash', None) | st.session_state.pop(f'ux-program-pending-{patient.id}', None) | st.form_submit_button('保存健康计划', type='primary') | st.form_submit_button('安排随访', type='primary') | app.render_tasks(ctx) | session.commit() | st.form_submit_button('记录阶段结果并安排下一步', type='primary') | app.render_programs(patient, {**ctx, 'programs': [program] if program else []}) | app._render_member_automation_status(patient.id, audience='manager') | app.render_member_management_signals(patient, ctx)",包含提交动作，请结合分支核对,False
src/executive_health_ai/ui/pages/manager/experience.py,management,107,radio,'由谁执行',,,"['健康管理师', '成员']", ,"st.session_state.pop('ux-manager-flash', None) | st.session_state.pop(f'ux-program-pending-{patient.id}', None) | st.form_submit_button('保存健康计划', type='primary') | st.form_submit_button('安排随访', type='primary') | app.render_tasks(ctx) | session.commit() | st.form_submit_button('记录阶段结果并安排下一步', type='primary') | app.render_programs(patient, {**ctx, 'programs': [program] if program else []}) | app._render_member_automation_status(patient.id, audience='manager') | app.render_member_management_signals(patient, ctx)",包含提交动作，请结合分支核对,True
src/executive_health_ai/ui/pages/manager/experience.py,management,109,form_submit_button,'安排随访',,,, ,"st.session_state.pop('ux-manager-flash', None) | st.session_state.pop(f'ux-program-pending-{patient.id}', None) | st.form_submit_button('保存健康计划', type='primary') | st.form_submit_button('安排随访', type='primary') | app.render_tasks(ctx) | session.commit() | st.form_submit_button('记录阶段结果并安排下一步', type='primary') | app.render_programs(patient, {**ctx, 'programs': [program] if program else []}) | app._render_member_automation_status(patient.id, audience='manager') | app.render_member_management_signals(patient, ctx)",包含提交动作，请结合分支核对,False
src/executive_health_ai/ui/pages/manager/experience.py,management,124,selectbox,'观察指标',,,"['systolic_bp', 'diastolic_bp', 'weight', 'ldl_c', 'hba1c', 'steps', 'sleep_duration']", ,"st.session_state.pop('ux-manager-flash', None) | st.session_state.pop(f'ux-program-pending-{patient.id}', None) | st.form_submit_button('保存健康计划', type='primary') | st.form_submit_button('安排随访', type='primary') | app.render_tasks(ctx) | session.commit() | st.form_submit_button('记录阶段结果并安排下一步', type='primary') | app.render_programs(patient, {**ctx, 'programs': [program] if program else []}) | app._render_member_automation_status(patient.id, audience='manager') | app.render_member_management_signals(patient, ctx)",包含提交动作，请结合分支核对,True
src/executive_health_ai/ui/pages/manager/experience.py,management,130,selectbox,'观察结果',,,"['IMPROVED', 'STABLE', 'WORSENED', 'INSUFFICIENT_DATA', 'NEEDS_MEDICAL_REVIEW']", ,"st.session_state.pop('ux-manager-flash', None) | st.session_state.pop(f'ux-program-pending-{patient.id}', None) | st.form_submit_button('保存健康计划', type='primary') | st.form_submit_button('安排随访', type='primary') | app.render_tasks(ctx) | session.commit() | st.form_submit_button('记录阶段结果并安排下一步', type='primary') | app.render_programs(patient, {**ctx, 'programs': [program] if program else []}) | app._render_member_automation_status(patient.id, audience='manager') | app.render_member_management_signals(patient, ctx)",包含提交动作，请结合分支核对,True
src/executive_health_ai/ui/pages/manager/experience.py,management,131,selectbox,'下一步管理',,,"['CONTINUE', 'ADJUST', 'STABILIZE', 'DOCTOR_REVIEW']", ,"st.session_state.pop('ux-manager-flash', None) | st.session_state.pop(f'ux-program-pending-{patient.id}', None) | st.form_submit_button('保存健康计划', type='primary') | st.form_submit_button('安排随访', type='primary') | app.render_tasks(ctx) | session.commit() | st.form_submit_button('记录阶段结果并安排下一步', type='primary') | app.render_programs(patient, {**ctx, 'programs': [program] if program else []}) | app._render_member_automation_status(patient.id, audience='manager') | app.render_member_management_signals(patient, ctx)",包含提交动作，请结合分支核对,True
src/executive_health_ai/ui/pages/manager/experience.py,management,133,form_submit_button,'记录阶段结果并安排下一步',,,, ,"st.session_state.pop('ux-manager-flash', None) | st.session_state.pop(f'ux-program-pending-{patient.id}', None) | st.form_submit_button('保存健康计划', type='primary') | st.form_submit_button('安排随访', type='primary') | app.render_tasks(ctx) | session.commit() | st.form_submit_button('记录阶段结果并安排下一步', type='primary') | app.render_programs(patient, {**ctx, 'programs': [program] if program else []}) | app._render_member_automation_status(patient.id, audience='manager') | app.render_member_management_signals(patient, ctx)",包含提交动作，请结合分支核对,False
src/executive_health_ai/ui/pages/manager/experience.py,management,146,expander,'计划详情与已记录阶段结果',,,, ,"st.session_state.pop('ux-manager-flash', None) | st.session_state.pop(f'ux-program-pending-{patient.id}', None) | st.form_submit_button('保存健康计划', type='primary') | st.form_submit_button('安排随访', type='primary') | app.render_tasks(ctx) | session.commit() | st.form_submit_button('记录阶段结果并安排下一步', type='primary') | app.render_programs(patient, {**ctx, 'programs': [program] if program else []}) | app._render_member_automation_status(patient.id, audience='manager') | app.render_member_management_signals(patient, ctx)",包含提交动作，请结合分支核对,True
src/executive_health_ai/ui/pages/manager/experience.py,management,148,expander,'自动跟进与健康管理记录',,,, ,"st.session_state.pop('ux-manager-flash', None) | st.session_state.pop(f'ux-program-pending-{patient.id}', None) | st.form_submit_button('保存健康计划', type='primary') | st.form_submit_button('安排随访', type='primary') | app.render_tasks(ctx) | session.commit() | st.form_submit_button('记录阶段结果并安排下一步', type='primary') | app.render_programs(patient, {**ctx, 'programs': [program] if program else []}) | app._render_member_automation_status(patient.id, audience='manager') | app.render_member_management_signals(patient, ctx)",包含提交动作，请结合分支核对,True
src/executive_health_ai/ui/pages/manager/experience.py,member_detail,157,button,'← 返回' + origin,,'back-to-dashboard',, ,"st.session_state.get('member-return-origin', '会员') | st.session_state.pop('focused_member_id', None) | st.session_state.pop('member-return-origin', None) | app.request_navigation(surface='运营后台', ops_page={'今日工作': '今日', '年度管理': '年度管理', '会员': '成员'}.get(origin, '成员')) | render_previews(patient.id, key=f'manager-overview-trend-{patient.id}', maximum=2, series=view.health.series, open_trend=lambda: app.request_navigation(surface='运营后台', ops_page='成员', member_id=patient.id, member_section='健康', archive_view='健康数据')) | archive(app, patient, management_view) | intake_entry.open_intake(patient, management_view) | app.request_navigation(surface='运营后台', ops_page='成员', member_id=patient.id, member_section='健康') | app.request_navigation(surface='运营后台', ops_page='成员', member_id=patient.id, member_section='健康', archive_view='健康数据')",导航/筛选/选择/展示；见回调,False
src/executive_health_ai/ui/pages/manager/experience.py,member_detail,185,radio,'成员页面',,f'member-section-{patient.id}',"['概览', '健康', '管理', '医疗', '历程']", ,"st.session_state.get('member-return-origin', '会员') | st.session_state.pop('focused_member_id', None) | st.session_state.pop('member-return-origin', None) | app.request_navigation(surface='运营后台', ops_page={'今日工作': '今日', '年度管理': '年度管理', '会员': '成员'}.get(origin, '成员')) | render_previews(patient.id, key=f'manager-overview-trend-{patient.id}', maximum=2, series=view.health.series, open_trend=lambda: app.request_navigation(surface='运营后台', ops_page='成员', member_id=patient.id, member_section='健康', archive_view='健康数据')) | archive(app, patient, management_view) | intake_entry.open_intake(patient, management_view) | app.request_navigation(surface='运营后台', ops_page='成员', member_id=patient.id, member_section='健康') | app.request_navigation(surface='运营后台', ops_page='成员', member_id=patient.id, member_section='健康', archive_view='健康数据')",导航/筛选/选择/展示；见回调,True
src/executive_health_ai/ui/pages/manager/experience.py,member_detail,195,button,'继续评估',,f'overview-intake-{patient.id}',, ,"st.session_state.get('member-return-origin', '会员') | st.session_state.pop('focused_member_id', None) | st.session_state.pop('member-return-origin', None) | app.request_navigation(surface='运营后台', ops_page={'今日工作': '今日', '年度管理': '年度管理', '会员': '成员'}.get(origin, '成员')) | render_previews(patient.id, key=f'manager-overview-trend-{patient.id}', maximum=2, series=view.health.series, open_trend=lambda: app.request_navigation(surface='运营后台', ops_page='成员', member_id=patient.id, member_section='健康', archive_view='健康数据')) | archive(app, patient, management_view) | intake_entry.open_intake(patient, management_view) | app.request_navigation(surface='运营后台', ops_page='成员', member_id=patient.id, member_section='健康') | app.request_navigation(surface='运营后台', ops_page='成员', member_id=patient.id, member_section='健康', archive_view='健康数据')",导航/筛选/选择/展示；见回调,False
src/executive_health_ai/ui/pages/manager/experience.py,member_detail,214,button,'处理下一步',open_next,f'360-next-{patient.id}',,"(app, patient) ","st.session_state.get('member-return-origin', '会员') | st.session_state.pop('focused_member_id', None) | st.session_state.pop('member-return-origin', None) | app.request_navigation(surface='运营后台', ops_page={'今日工作': '今日', '年度管理': '年度管理', '会员': '成员'}.get(origin, '成员')) | render_previews(patient.id, key=f'manager-overview-trend-{patient.id}', maximum=2, series=view.health.series, open_trend=lambda: app.request_navigation(surface='运营后台', ops_page='成员', member_id=patient.id, member_section='健康', archive_view='健康数据')) | archive(app, patient, management_view) | intake_entry.open_intake(patient, management_view) | app.request_navigation(surface='运营后台', ops_page='成员', member_id=patient.id, member_section='健康') | app.request_navigation(surface='运营后台', ops_page='成员', member_id=patient.id, member_section='健康', archive_view='健康数据')",导航/筛选/选择/展示；见回调,False
src/executive_health_ai/ui/pages/manager/experience.py,member_detail,218,button,'新增管理记录',workflow.open_log,f'overview-new-log-{patient.id}',,"(app, patient) ","st.session_state.get('member-return-origin', '会员') | st.session_state.pop('focused_member_id', None) | st.session_state.pop('member-return-origin', None) | app.request_navigation(surface='运营后台', ops_page={'今日工作': '今日', '年度管理': '年度管理', '会员': '成员'}.get(origin, '成员')) | render_previews(patient.id, key=f'manager-overview-trend-{patient.id}', maximum=2, series=view.health.series, open_trend=lambda: app.request_navigation(surface='运营后台', ops_page='成员', member_id=patient.id, member_section='健康', archive_view='健康数据')) | archive(app, patient, management_view) | intake_entry.open_intake(patient, management_view) | app.request_navigation(surface='运营后台', ops_page='成员', member_id=patient.id, member_section='健康') | app.request_navigation(surface='运营后台', ops_page='成员', member_id=patient.id, member_section='健康', archive_view='健康数据')",导航/筛选/选择/展示；见回调,False
src/executive_health_ai/ui/pages/manager/experience.py,member_detail,219,expander,'年度目标与健康基线',,,, ,"st.session_state.get('member-return-origin', '会员') | st.session_state.pop('focused_member_id', None) | st.session_state.pop('member-return-origin', None) | app.request_navigation(surface='运营后台', ops_page={'今日工作': '今日', '年度管理': '年度管理', '会员': '成员'}.get(origin, '成员')) | render_previews(patient.id, key=f'manager-overview-trend-{patient.id}', maximum=2, series=view.health.series, open_trend=lambda: app.request_navigation(surface='运营后台', ops_page='成员', member_id=patient.id, member_section='健康', archive_view='健康数据')) | archive(app, patient, management_view) | intake_entry.open_intake(patient, management_view) | app.request_navigation(surface='运营后台', ops_page='成员', member_id=patient.id, member_section='健康') | app.request_navigation(surface='运营后台', ops_page='成员', member_id=patient.id, member_section='健康', archive_view='健康数据')",导航/筛选/选择/展示；见回调,True
src/executive_health_ai/ui/pages/manager/intake_entry.py,card,95,button,label,open_intake,f'intake-entry-{patient.id}',,"(patient, view) {'read_only': status in {'已完成', '待医生确认'}}",ux.local_time(completed).strftime('%Y-%m-%d %H:%M'),导航/筛选/选择/展示；见回调,False
src/executive_health_ai/ui/pages/manager/intake_entry.py,card,100,button,'查看已填写内容',open_intake,f'intake-preview-{patient.id}',,"(patient, view) {'read_only': True}",ux.local_time(completed).strftime('%Y-%m-%d %H:%M'),导航/筛选/选择/展示；见回调,False
src/executive_health_ai/ui/pages/manager/intake_entry.py,card,103,button,'补充/修正',amend,f'intake-amend-{patient.id}',,"(patient, view) ",ux.local_time(completed).strftime('%Y-%m-%d %H:%M'),导航/筛选/选择/展示；见回调,False
src/executive_health_ai/ui/pages/manager/intake_exceptions.py,panel,37,button,f'处理剩余 {len(queue)} 项',,key + '-start',, ,"st.session_state.get(key) | st.form_submit_button('保存答案并处理下一项', type='primary') | service.complete(session, session.get(IntakeAssessment, row.id), view.owner, retain_unknown=unknown) | session.commit() | service.confirm_measurements(session, session.get(IntakeAssessment, row.id), goal.id, view.owner, file['signature']) | st.form_submit_button('保存修改并处理下一项') | st.form_submit_button('忽略本条候选')",包含提交动作，请结合分支核对,False
src/executive_health_ai/ui/pages/manager/intake_exceptions.py,panel,59,button,'确认以上测量并同步健康档案',,prefix + '-measure',, ,"st.session_state.get(key) | st.form_submit_button('保存答案并处理下一项', type='primary') | service.complete(session, session.get(IntakeAssessment, row.id), view.owner, retain_unknown=unknown) | session.commit() | service.confirm_measurements(session, session.get(IntakeAssessment, row.id), goal.id, view.owner, file['signature']) | st.form_submit_button('保存修改并处理下一项') | st.form_submit_button('忽略本条候选')",包含提交动作，请结合分支核对,False
src/executive_health_ai/ui/pages/manager/intake_exceptions.py,panel,65,checkbox,'已核对原文件；未确认的档案候选保留待后续处理',,prefix + '-ack',, ,"st.session_state.get(key) | st.form_submit_button('保存答案并处理下一项', type='primary') | service.complete(session, session.get(IntakeAssessment, row.id), view.owner, retain_unknown=unknown) | session.commit() | service.confirm_measurements(session, session.get(IntakeAssessment, row.id), goal.id, view.owner, file['signature']) | st.form_submit_button('保存修改并处理下一项') | st.form_submit_button('忽略本条候选')",包含提交动作，请结合分支核对,False
src/executive_health_ai/ui/pages/manager/intake_exceptions.py,panel,66,button,'完成本份资料核对',,prefix + '-done',, ,"st.session_state.get(key) | st.form_submit_button('保存答案并处理下一项', type='primary') | service.complete(session, session.get(IntakeAssessment, row.id), view.owner, retain_unknown=unknown) | session.commit() | service.confirm_measurements(session, session.get(IntakeAssessment, row.id), goal.id, view.owner, file['signature']) | st.form_submit_button('保存修改并处理下一项') | st.form_submit_button('忽略本条候选')",包含提交动作，请结合分支核对,False
src/executive_health_ai/ui/pages/manager/intake_exceptions.py,panel,72,form_submit_button,'保存答案并处理下一项',,,, ,"st.session_state.get(key) | st.form_submit_button('保存答案并处理下一项', type='primary') | service.complete(session, session.get(IntakeAssessment, row.id), view.owner, retain_unknown=unknown) | session.commit() | service.confirm_measurements(session, session.get(IntakeAssessment, row.id), goal.id, view.owner, file['signature']) | st.form_submit_button('保存修改并处理下一项') | st.form_submit_button('忽略本条候选')",包含提交动作，请结合分支核对,False
src/executive_health_ai/ui/pages/manager/intake_exceptions.py,panel,82,button,'采用并处理下一项' if item['kind'] == 'CONFLICT' else '确认并处理下一项',,prefix + '-confirm',, ,"st.session_state.get(key) | st.form_submit_button('保存答案并处理下一项', type='primary') | service.complete(session, session.get(IntakeAssessment, row.id), view.owner, retain_unknown=unknown) | session.commit() | service.confirm_measurements(session, session.get(IntakeAssessment, row.id), goal.id, view.owner, file['signature']) | st.form_submit_button('保存修改并处理下一项') | st.form_submit_button('忽略本条候选')",包含提交动作，请结合分支核对,False
src/executive_health_ai/ui/pages/manager/intake_exceptions.py,panel,84,expander,'修改 / 忽略 / 暂不确认',,,, ,"st.session_state.get(key) | st.form_submit_button('保存答案并处理下一项', type='primary') | service.complete(session, session.get(IntakeAssessment, row.id), view.owner, retain_unknown=unknown) | session.commit() | service.confirm_measurements(session, session.get(IntakeAssessment, row.id), goal.id, view.owner, file['signature']) | st.form_submit_button('保存修改并处理下一项') | st.form_submit_button('忽略本条候选')",包含提交动作，请结合分支核对,True
src/executive_health_ai/ui/pages/manager/intake_exceptions.py,panel,88,form_submit_button,'保存修改并处理下一项',,,, ,"st.session_state.get(key) | st.form_submit_button('保存答案并处理下一项', type='primary') | service.complete(session, session.get(IntakeAssessment, row.id), view.owner, retain_unknown=unknown) | session.commit() | service.confirm_measurements(session, session.get(IntakeAssessment, row.id), goal.id, view.owner, file['signature']) | st.form_submit_button('保存修改并处理下一项') | st.form_submit_button('忽略本条候选')",包含提交动作，请结合分支核对,False
src/executive_health_ai/ui/pages/manager/intake_exceptions.py,panel,89,form_submit_button,'忽略本条候选',,,, ,"st.session_state.get(key) | st.form_submit_button('保存答案并处理下一项', type='primary') | service.complete(session, session.get(IntakeAssessment, row.id), view.owner, retain_unknown=unknown) | session.commit() | service.confirm_measurements(session, session.get(IntakeAssessment, row.id), goal.id, view.owner, file['signature']) | st.form_submit_button('保存修改并处理下一项') | st.form_submit_button('忽略本条候选')",包含提交动作，请结合分支核对,False
src/executive_health_ai/ui/pages/manager/intake_exceptions.py,panel,93,expander,'需要医生判断',,,, ,"st.session_state.get(key) | st.form_submit_button('保存答案并处理下一项', type='primary') | service.complete(session, session.get(IntakeAssessment, row.id), view.owner, retain_unknown=unknown) | session.commit() | service.confirm_measurements(session, session.get(IntakeAssessment, row.id), goal.id, view.owner, file['signature']) | st.form_submit_button('保存修改并处理下一项') | st.form_submit_button('忽略本条候选')",包含提交动作，请结合分支核对,True
src/executive_health_ai/ui/pages/manager/intake_exceptions.py,panel,94,selectbox,'相关资料',,prefix + '-doctor-source',range(len(waiting)), ,"st.session_state.get(key) | st.form_submit_button('保存答案并处理下一项', type='primary') | service.complete(session, session.get(IntakeAssessment, row.id), view.owner, retain_unknown=unknown) | session.commit() | service.confirm_measurements(session, session.get(IntakeAssessment, row.id), goal.id, view.owner, file['signature']) | st.form_submit_button('保存修改并处理下一项') | st.form_submit_button('忽略本条候选')",包含提交动作，请结合分支核对,True
src/executive_health_ai/ui/pages/manager/intake_exceptions.py,panel,96,button,'提交现有医生确认流程',,prefix + '-doctor',, ,"st.session_state.get(key) | st.form_submit_button('保存答案并处理下一项', type='primary') | service.complete(session, session.get(IntakeAssessment, row.id), view.owner, retain_unknown=unknown) | session.commit() | service.confirm_measurements(session, session.get(IntakeAssessment, row.id), goal.id, view.owner, file['signature']) | st.form_submit_button('保存修改并处理下一项') | st.form_submit_button('忽略本条候选')",包含提交动作，请结合分支核对,False
src/executive_health_ai/ui/pages/manager/intake_exceptions.py,panel,110,expander,"f""仍未知的可选资料 {len(data['missing'])} 项""",,,, ,"st.session_state.get(key) | st.form_submit_button('保存答案并处理下一项', type='primary') | service.complete(session, session.get(IntakeAssessment, row.id), view.owner, retain_unknown=unknown) | session.commit() | service.confirm_measurements(session, session.get(IntakeAssessment, row.id), goal.id, view.owner, file['signature']) | st.form_submit_button('保存修改并处理下一项') | st.form_submit_button('忽略本条候选')",包含提交动作，请结合分支核对,True
src/executive_health_ai/ui/pages/manager/intake_exceptions.py,panel,113,checkbox,'这些可选资料尚未提供，继续保留未知',,f'unknown-{row.id}',, ,"st.session_state.get(key) | st.form_submit_button('保存答案并处理下一项', type='primary') | service.complete(session, session.get(IntakeAssessment, row.id), view.owner, retain_unknown=unknown) | session.commit() | service.confirm_measurements(session, session.get(IntakeAssessment, row.id), goal.id, view.owner, file['signature']) | st.form_submit_button('保存修改并处理下一项') | st.form_submit_button('忽略本条候选')",包含提交动作，请结合分支核对,False
src/executive_health_ai/ui/pages/manager/intake_exceptions.py,panel,114,checkbox,'我已核对来源及整理结果，确认提交初评资料',,f'confirm-exceptions-{row.id}',, ,"st.session_state.get(key) | st.form_submit_button('保存答案并处理下一项', type='primary') | service.complete(session, session.get(IntakeAssessment, row.id), view.owner, retain_unknown=unknown) | session.commit() | service.confirm_measurements(session, session.get(IntakeAssessment, row.id), goal.id, view.owner, file['signature']) | st.form_submit_button('保存修改并处理下一项') | st.form_submit_button('忽略本条候选')",包含提交动作，请结合分支核对,False
src/executive_health_ai/ui/pages/manager/intake_exceptions.py,panel,115,button,'确认并完成初始健康评估',,,, ,"st.session_state.get(key) | st.form_submit_button('保存答案并处理下一项', type='primary') | service.complete(session, session.get(IntakeAssessment, row.id), view.owner, retain_unknown=unknown) | session.commit() | service.confirm_measurements(session, session.get(IntakeAssessment, row.id), goal.id, view.owner, file['signature']) | st.form_submit_button('保存修改并处理下一项') | st.form_submit_button('忽略本条候选')",包含提交动作，请结合分支核对,False
src/executive_health_ai/ui/pages/manager/intake_exceptions.py,panel,122,expander,'查看自动整理结果与来源',,,, ,"st.session_state.get(key) | st.form_submit_button('保存答案并处理下一项', type='primary') | service.complete(session, session.get(IntakeAssessment, row.id), view.owner, retain_unknown=unknown) | session.commit() | service.confirm_measurements(session, session.get(IntakeAssessment, row.id), goal.id, view.owner, file['signature']) | st.form_submit_button('保存修改并处理下一项') | st.form_submit_button('忽略本条候选')",包含提交动作，请结合分支核对,True
src/executive_health_ai/ui/pages/manager/intake_workspace.py,workspace,159,button,label,continue_intake,f'workspace-continue-{patient.id}',,"(patient, view) ",st.session_state.get(f'intake-workspace-goal-{patient.id}') | session.commit(),包含提交动作，请结合分支核对,False
src/executive_health_ai/ui/pages/manager/intake_workspace.py,workspace,164,expander,'核对健康档案更新',,,, ,st.session_state.get(f'intake-workspace-goal-{patient.id}') | session.commit(),包含提交动作，请结合分支核对,True
src/executive_health_ai/ui/pages/manager/intake_workspace.py,workspace,165,selectbox,'待核对资料',,,range(len(review_files)), ,st.session_state.get(f'intake-workspace-goal-{patient.id}') | session.commit(),包含提交动作，请结合分支核对,True
src/executive_health_ai/ui/pages/manager/intake_workspace.py,upload_area,180,file_uploader,'选择文件',,key + '-' + str(epoch),, ,"st.session_state.get(key + '-epoch', 0) | st.session_state.pop(key + '-results', []) | st.session_state.pop(f'intake-workspace-goal-{patient.id}', None) | session.commit()",包含提交动作，请结合分支核对,False
src/executive_health_ai/ui/pages/manager/intake_workspace.py,upload_area,182,button,'上传并整理资料',,key + '-submit',, ,"st.session_state.get(key + '-epoch', 0) | st.session_state.pop(key + '-results', []) | st.session_state.pop(f'intake-workspace-goal-{patient.id}', None) | session.commit()",包含提交动作，请结合分支核对,False
src/executive_health_ai/ui/pages/manager/intake_workspace.py,cards,206,button,item['label'] + '\n' + item['status'] + '\n' + description,continue_intake,"f""intake-category-{patient.id}-{start + data['sections'][start:start + 4].index(item)}""",,"(patient, view, item['step']) ",,导航/筛选/选择/展示；见回调,False
src/executive_health_ai/ui/pages/manager/intake_workspace.py,cards,213,button,'查看 / 手工修正（11步）' if exception_mode else label,continue_intake,f'workspace-primary-{patient.id}',,"(patient, view) ",,导航/筛选/选择/展示；见回调,False
src/executive_health_ai/ui/pages/manager/intake_workspace.py,cards,215,button,'查看已填写内容',intake_entry.open_intake,f'workspace-preview-{patient.id}',,"(patient, view) {'read_only': True}",,导航/筛选/选择/展示；见回调,False
src/executive_health_ai/ui/pages/manager/intake_workspace.py,cards,216,button,'补充/修正',intake_entry.amend,f'workspace-amend-{patient.id}',,"(patient, view) ",,导航/筛选/选择/展示；见回调,False
src/executive_health_ai/ui/pages/manager/medical.py,collaboration,81,button,'← 返回医疗记录',,key + '-back',, ,"st.session_state.get(key + '-detail') | st.session_state.pop(key + '-detail', None) | st.session_state.get(key + '-epoch', 0)",导航/筛选/选择/展示；见回调,False
src/executive_health_ai/ui/pages/manager/medical.py,collaboration,87,radio,'医疗记录',,key + '-scope',"['进行中', '历史']", ,"st.session_state.get(key + '-detail') | st.session_state.pop(key + '-detail', None) | st.session_state.get(key + '-epoch', 0)",导航/筛选/选择/展示；见回调,True
src/executive_health_ai/ui/pages/manager/medical.py,collaboration,89,data_table,rows,,key,, ,"st.session_state.get(key + '-detail') | st.session_state.pop(key + '-detail', None) | st.session_state.get(key + '-epoch', 0)",导航/筛选/选择/展示；见回调,True
src/executive_health_ai/ui/pages/manager/member_delete.py,confirm_delete,16,button,'返回会员列表',,,, ,"st.session_state.pop('focused_member_id', None) | MemberArchiveService().archive(session, identity, expected_name=expected_name, confirmation_name=name, actor='健康管理师', role='HEALTH_MANAGER', confirmed=True) | session.commit() | st.session_state.get('member-directory-epoch', 0)",包含提交动作，请结合分支核对,False
src/executive_health_ai/ui/pages/manager/member_delete.py,confirm_delete,30,button,'取消',,,, ,"st.session_state.pop('focused_member_id', None) | MemberArchiveService().archive(session, identity, expected_name=expected_name, confirmation_name=name, actor='健康管理师', role='HEALTH_MANAGER', confirmed=True) | session.commit() | st.session_state.get('member-directory-epoch', 0)",包含提交动作，请结合分支核对,False
src/executive_health_ai/ui/pages/manager/member_delete.py,confirm_delete,33,button,'确认删除',,,, ,"st.session_state.pop('focused_member_id', None) | MemberArchiveService().archive(session, identity, expected_name=expected_name, confirmation_name=name, actor='健康管理师', role='HEALTH_MANAGER', confirmed=True) | session.commit() | st.session_state.get('member-directory-epoch', 0)",包含提交动作，请结合分支核对,False
src/executive_health_ai/ui/pages/manager/member_delete.py,actions,52,button,'查看会员 / 进入Member360',,'directory-open-' + str(member.id),, ,"open_directory_member(app, member) | st.session_state.pop('member-delete-name-' + str(member.id), None) | confirm_delete(str(member.id), member_label(member))",导航/筛选/选择/展示；见回调,False
src/executive_health_ai/ui/pages/manager/member_delete.py,actions,55,button,'删除成员',,'directory-delete-' + str(member.id),, ,"open_directory_member(app, member) | st.session_state.pop('member-delete-name-' + str(member.id), None) | confirm_delete(str(member.id), member_label(member))",导航/筛选/选择/展示；见回调,False
src/executive_health_ai/ui/pages/manager/operations_board.py,clinical_boundary,101,expander,'查看完整规则依据',,,, ,,导航/筛选/选择/展示；见回调,True
src/executive_health_ai/ui/pages/manager/operations_board.py,clinical_boundary,114,expander,'完整医学判断',,,, ,,导航/筛选/选择/展示；见回调,True
src/executive_health_ai/ui/pages/manager/operations_board.py,technical,123,expander,'技术详情',,,, ,,导航/筛选/选择/展示；见回调,True
src/executive_health_ai/ui/pages/manager/post_checkup.py,evidence,99,expander,'系统整理结果与会员背景',,,, ,"render_metric_trend([series], key=f""care-chart-{goal.id}-{finding['code']}-{doctor}"", compact=True, baseline_metrics=refs, current_marker=True)",导航/筛选/选择/展示；见回调,True
src/executive_health_ai/ui/pages/manager/post_checkup.py,evidence,134,data_table,rows,,f'care-evidence-{goal.id}-{doctor}',, ,"render_metric_trend([series], key=f""care-chart-{goal.id}-{finding['code']}-{doctor}"", compact=True, baseline_metrics=refs, current_marker=True)",导航/筛选/选择/展示；见回调,True
src/executive_health_ai/ui/pages/manager/post_checkup.py,evidence,136,expander,'依据详情',,,, ,"render_metric_trend([series], key=f""care-chart-{goal.id}-{finding['code']}-{doctor}"", compact=True, baseline_metrics=refs, current_marker=True)",导航/筛选/选择/展示；见回调,True
src/executive_health_ai/ui/pages/manager/post_checkup.py,evidence,143,download_button,'查看原始报告',,f'care-report-{goal.id}-{doctor}',, ,"render_metric_trend([series], key=f""care-chart-{goal.id}-{finding['code']}-{doctor}"", compact=True, baseline_metrics=refs, current_marker=True)",导航/筛选/选择/展示；见回调,False
src/executive_health_ai/ui/pages/manager/post_checkup.py,manager_detail,162,button,'← 返回' + origin,,,, ,"st.session_state.get('care-origin', '今日工作') | st.session_state.pop('care-detail', None) | is_archived(session, goal.member_id) | st.session_state.get('today-work-grid-epoch', 0) | app._open_member(goal.member_id)",导航/筛选/选择/展示；见回调,False
src/executive_health_ai/ui/pages/manager/post_checkup.py,_manager_action,199,button,'返回会员360',,,, ,"st.session_state.pop('care-detail', None) | app._open_member(goal.member_id) | app._open_member_management(goal.member_id) | flow.approve_actions(HealthOpsAgentSupervisor(), s, g, actions=actions, actor=g.owner, role='HEALTH_MANAGER') | st.form_submit_button('确认并提交医生', type='primary') | st.form_submit_button('确认并继续', type='primary') | app._open_report_review_from_worklist(goal.member_id, UUID(goal.source_id)) | st.form_submit_button('提交医生判断')",导航/筛选/选择/展示；见回调,False
src/executive_health_ai/ui/pages/manager/post_checkup.py,_manager_action,201,button,'查看已创建事项',,,, ,"st.session_state.pop('care-detail', None) | app._open_member(goal.member_id) | app._open_member_management(goal.member_id) | flow.approve_actions(HealthOpsAgentSupervisor(), s, g, actions=actions, actor=g.owner, role='HEALTH_MANAGER') | st.form_submit_button('确认并提交医生', type='primary') | st.form_submit_button('确认并继续', type='primary') | app._open_report_review_from_worklist(goal.member_id, UUID(goal.source_id)) | st.form_submit_button('提交医生判断')",导航/筛选/选择/展示；见回调,False
src/executive_health_ai/ui/pages/manager/post_checkup.py,_manager_action,224,expander,'查看完整医生意见',,,, ,"st.session_state.pop('care-detail', None) | app._open_member(goal.member_id) | app._open_member_management(goal.member_id) | flow.approve_actions(HealthOpsAgentSupervisor(), s, g, actions=actions, actor=g.owner, role='HEALTH_MANAGER') | st.form_submit_button('确认并提交医生', type='primary') | st.form_submit_button('确认并继续', type='primary') | app._open_report_review_from_worklist(goal.member_id, UUID(goal.source_id)) | st.form_submit_button('提交医生判断')",导航/筛选/选择/展示；见回调,True
src/executive_health_ai/ui/pages/manager/post_checkup.py,_manager_action,237,button,'确认并创建后续安排',,,, ,"st.session_state.pop('care-detail', None) | app._open_member(goal.member_id) | app._open_member_management(goal.member_id) | flow.approve_actions(HealthOpsAgentSupervisor(), s, g, actions=actions, actor=g.owner, role='HEALTH_MANAGER') | st.form_submit_button('确认并提交医生', type='primary') | st.form_submit_button('确认并继续', type='primary') | app._open_report_review_from_worklist(goal.member_id, UUID(goal.source_id)) | st.form_submit_button('提交医生判断')",导航/筛选/选择/展示；见回调,False
src/executive_health_ai/ui/pages/manager/post_checkup.py,_manager_action,254,form_submit_button,'确认并提交医生',,,, ,"st.session_state.pop('care-detail', None) | app._open_member(goal.member_id) | app._open_member_management(goal.member_id) | flow.approve_actions(HealthOpsAgentSupervisor(), s, g, actions=actions, actor=g.owner, role='HEALTH_MANAGER') | st.form_submit_button('确认并提交医生', type='primary') | st.form_submit_button('确认并继续', type='primary') | app._open_report_review_from_worklist(goal.member_id, UUID(goal.source_id)) | st.form_submit_button('提交医生判断')",导航/筛选/选择/展示；见回调,False
src/executive_health_ai/ui/pages/manager/post_checkup.py,_manager_action,259,expander,'修改整理结果',,,, ,"st.session_state.pop('care-detail', None) | app._open_member(goal.member_id) | app._open_member_management(goal.member_id) | flow.approve_actions(HealthOpsAgentSupervisor(), s, g, actions=actions, actor=g.owner, role='HEALTH_MANAGER') | st.form_submit_button('确认并提交医生', type='primary') | st.form_submit_button('确认并继续', type='primary') | app._open_report_review_from_worklist(goal.member_id, UUID(goal.source_id)) | st.form_submit_button('提交医生判断')",导航/筛选/选择/展示；见回调,True
src/executive_health_ai/ui/pages/manager/post_checkup.py,_manager_action,262,form_submit_button,'确认并继续',,,, ,"st.session_state.pop('care-detail', None) | app._open_member(goal.member_id) | app._open_member_management(goal.member_id) | flow.approve_actions(HealthOpsAgentSupervisor(), s, g, actions=actions, actor=g.owner, role='HEALTH_MANAGER') | st.form_submit_button('确认并提交医生', type='primary') | st.form_submit_button('确认并继续', type='primary') | app._open_report_review_from_worklist(goal.member_id, UUID(goal.source_id)) | st.form_submit_button('提交医生判断')",导航/筛选/选择/展示；见回调,False
src/executive_health_ai/ui/pages/manager/post_checkup.py,_manager_action,263,expander,'修改整理结果 / 提交医生判断',,,, ,"st.session_state.pop('care-detail', None) | app._open_member(goal.member_id) | app._open_member_management(goal.member_id) | flow.approve_actions(HealthOpsAgentSupervisor(), s, g, actions=actions, actor=g.owner, role='HEALTH_MANAGER') | st.form_submit_button('确认并提交医生', type='primary') | st.form_submit_button('确认并继续', type='primary') | app._open_report_review_from_worklist(goal.member_id, UUID(goal.source_id)) | st.form_submit_button('提交医生判断')",导航/筛选/选择/展示；见回调,True
src/executive_health_ai/ui/pages/manager/post_checkup.py,_manager_action,267,form_submit_button,'提交医生判断',,,, ,"st.session_state.pop('care-detail', None) | app._open_member(goal.member_id) | app._open_member_management(goal.member_id) | flow.approve_actions(HealthOpsAgentSupervisor(), s, g, actions=actions, actor=g.owner, role='HEALTH_MANAGER') | st.form_submit_button('确认并提交医生', type='primary') | st.form_submit_button('确认并继续', type='primary') | app._open_report_review_from_worklist(goal.member_id, UUID(goal.source_id)) | st.form_submit_button('提交医生判断')",导航/筛选/选择/展示；见回调,False
src/executive_health_ai/ui/pages/manager/post_checkup.py,_manager_action,271,expander,'核对或修正原报告资料',,,, ,"st.session_state.pop('care-detail', None) | app._open_member(goal.member_id) | app._open_member_management(goal.member_id) | flow.approve_actions(HealthOpsAgentSupervisor(), s, g, actions=actions, actor=g.owner, role='HEALTH_MANAGER') | st.form_submit_button('确认并提交医生', type='primary') | st.form_submit_button('确认并继续', type='primary') | app._open_report_review_from_worklist(goal.member_id, UUID(goal.source_id)) | st.form_submit_button('提交医生判断')",导航/筛选/选择/展示；见回调,True
src/executive_health_ai/ui/pages/manager/post_checkup.py,_manager_action,272,button,'打开报告核对',,,, ,"st.session_state.pop('care-detail', None) | app._open_member(goal.member_id) | app._open_member_management(goal.member_id) | flow.approve_actions(HealthOpsAgentSupervisor(), s, g, actions=actions, actor=g.owner, role='HEALTH_MANAGER') | st.form_submit_button('确认并提交医生', type='primary') | st.form_submit_button('确认并继续', type='primary') | app._open_report_review_from_worklist(goal.member_id, UUID(goal.source_id)) | st.form_submit_button('提交医生判断')",导航/筛选/选择/展示；见回调,False
src/executive_health_ai/ui/pages/manager/post_checkup.py,_manager_action,274,button,'刷新已修改资料',,,, ,"st.session_state.pop('care-detail', None) | app._open_member(goal.member_id) | app._open_member_management(goal.member_id) | flow.approve_actions(HealthOpsAgentSupervisor(), s, g, actions=actions, actor=g.owner, role='HEALTH_MANAGER') | st.form_submit_button('确认并提交医生', type='primary') | st.form_submit_button('确认并继续', type='primary') | app._open_report_review_from_worklist(goal.member_id, UUID(goal.source_id)) | st.form_submit_button('提交医生判断')",导航/筛选/选择/展示；见回调,False
src/executive_health_ai/ui/pages/manager/post_checkup.py,_manager_action,280,button,'重新读取已补充资料',,,, ,"st.session_state.pop('care-detail', None) | app._open_member(goal.member_id) | app._open_member_management(goal.member_id) | flow.approve_actions(HealthOpsAgentSupervisor(), s, g, actions=actions, actor=g.owner, role='HEALTH_MANAGER') | st.form_submit_button('确认并提交医生', type='primary') | st.form_submit_button('确认并继续', type='primary') | app._open_report_review_from_worklist(goal.member_id, UUID(goal.source_id)) | st.form_submit_button('提交医生判断')",导航/筛选/选择/展示；见回调,False
src/executive_health_ai/ui/pages/manager/post_checkup.py,_manager_action,282,button,'进入会员档案人工处理',,,, ,"st.session_state.pop('care-detail', None) | app._open_member(goal.member_id) | app._open_member_management(goal.member_id) | flow.approve_actions(HealthOpsAgentSupervisor(), s, g, actions=actions, actor=g.owner, role='HEALTH_MANAGER') | st.form_submit_button('确认并提交医生', type='primary') | st.form_submit_button('确认并继续', type='primary') | app._open_report_review_from_worklist(goal.member_id, UUID(goal.source_id)) | st.form_submit_button('提交医生判断')",导航/筛选/选择/展示；见回调,False
src/executive_health_ai/ui/pages/manager/post_checkup.py,doctor_detail,306,radio,'是否复查',,,"['不需要', '需要']", ,"st.form_submit_button('提交判断', type='primary') | PostCheckupCareService().submit_review(s, g, actor=review.doctor_name, role='DOCTOR', judgement=judgement, recommendation=recommendation, recheck=recheck == '需要', recheck_title=title, suggested_date=due, followup_date=follow, notes=notes)",导航/筛选/选择/展示；见回调,True
src/executive_health_ai/ui/pages/manager/post_checkup.py,doctor_detail,310,expander,'其他说明',,,, ,"st.form_submit_button('提交判断', type='primary') | PostCheckupCareService().submit_review(s, g, actor=review.doctor_name, role='DOCTOR', judgement=judgement, recommendation=recommendation, recheck=recheck == '需要', recheck_title=title, suggested_date=due, followup_date=follow, notes=notes)",导航/筛选/选择/展示；见回调,True
src/executive_health_ai/ui/pages/manager/post_checkup.py,doctor_detail,312,form_submit_button,'提交判断',,,, ,"st.form_submit_button('提交判断', type='primary') | PostCheckupCareService().submit_review(s, g, actor=review.doctor_name, role='DOCTOR', judgement=judgement, recommendation=recommendation, recheck=recheck == '需要', recheck_title=title, suggested_date=due, followup_date=follow, notes=notes)",导航/筛选/选择/展示；见回调,False
src/executive_health_ai/ui/pages/manager/post_checkup.py,member_summary,328,button,'查看运行看板',,f'member-no-progress-{member_id}',, ,,导航/筛选/选择/展示；见回调,False
src/executive_health_ai/ui/pages/manager/post_checkup.py,member_summary,343,button,'处理资料与初评',open_care,f'member-profile-progress-{member_id}',,"(app, goal, '会员360') ",,导航/筛选/选择/展示；见回调,False
src/executive_health_ai/ui/pages/manager/post_checkup.py,member_summary,360,button,'查看运行看板',open_care,f'member-care-progress-{member_id}',,"(app, goal, '会员360') ",,导航/筛选/选择/展示；见回调,False
src/executive_health_ai/ui/pages/manager/profile_intake.py,history,44,data_table,goals,,f'profile-history-{patient.id}',, ,"open_board(app, chosen)",导航/筛选/选择/展示；见回调,True
src/executive_health_ai/ui/pages/manager/profile_intake.py,doctor_context,68,download_button,'查看本次原始资料',,'profile-doctor-file-' + str(review.id),, ,,导航/筛选/选择/展示；见回调,False
src/executive_health_ai/ui/pages/manager/profile_intake.py,detail,75,button,'← 返回健康档案',,,, ,"st.session_state.pop('care-detail', None) | app.request_navigation(surface='运营后台', ops_page='成员', member_id=goal.member_id, member_section='健康', rerun=False) | st.session_state.pop(f'archive-content-{goal.member_id}', None) | session.commit()",包含提交动作，请结合分支核对,False
src/executive_health_ai/ui/pages/manager/profile_intake.py,render,127,download_button,'查看原始资料',,,, ,"intake_entry.open_intake(patient, workflow.view_for(patient.id), assessment_id=goal.context_json['intake_id']) | st.session_state.pop('care-detail', None) | app.request_navigation(surface='运营后台', ops_page='成员', member_id=patient.id, member_section='健康', rerun=False)",导航/筛选/选择/展示；见回调,False
src/executive_health_ai/ui/pages/manager/profile_intake.py,render,128,button,'继续初始健康评估',,,, ,"intake_entry.open_intake(patient, workflow.view_for(patient.id), assessment_id=goal.context_json['intake_id']) | st.session_state.pop('care-detail', None) | app.request_navigation(surface='运营后台', ops_page='成员', member_id=patient.id, member_section='健康', rerun=False)",导航/筛选/选择/展示；见回调,False
src/executive_health_ai/ui/pages/manager/profile_intake.py,review_updates,152,button,'返回会员360',,,, ,"st.session_state.pop('care-detail', None) | app._open_member(goal.member_id) | app.request_navigation(surface='运营后台', ops_page='成员', member_id=goal.member_id, member_section='健康', rerun=False) | session.commit() | st.form_submit_button('确认并更新健康档案', type='primary') | flow.confirm(HealthOpsAgentSupervisor(), session, goal, {str(r.id): edited.iloc[i]['处理'] for i, r in enumerate(rows)}, actor=goal.owner, role='HEALTH_MANAGER')",包含提交动作，请结合分支核对,False
src/executive_health_ai/ui/pages/manager/profile_intake.py,review_updates,168,button,'重新尝试整理',,,, ,"st.session_state.pop('care-detail', None) | app._open_member(goal.member_id) | app.request_navigation(surface='运营后台', ops_page='成员', member_id=goal.member_id, member_section='健康', rerun=False) | session.commit() | st.form_submit_button('确认并更新健康档案', type='primary') | flow.confirm(HealthOpsAgentSupervisor(), session, goal, {str(r.id): edited.iloc[i]['处理'] for i, r in enumerate(rows)}, actor=goal.owner, role='HEALTH_MANAGER')",包含提交动作，请结合分支核对,False
src/executive_health_ai/ui/pages/manager/profile_intake.py,review_updates,172,button,'人工补充初始评估',,,, ,"st.session_state.pop('care-detail', None) | app._open_member(goal.member_id) | app.request_navigation(surface='运营后台', ops_page='成员', member_id=goal.member_id, member_section='健康', rerun=False) | session.commit() | st.form_submit_button('确认并更新健康档案', type='primary') | flow.confirm(HealthOpsAgentSupervisor(), session, goal, {str(r.id): edited.iloc[i]['处理'] for i, r in enumerate(rows)}, actor=goal.owner, role='HEALTH_MANAGER')",包含提交动作，请结合分支核对,False
src/executive_health_ai/ui/pages/manager/profile_intake.py,review_updates,197,form_submit_button,'确认并更新健康档案',,,, ,"st.session_state.pop('care-detail', None) | app._open_member(goal.member_id) | app.request_navigation(surface='运营后台', ops_page='成员', member_id=goal.member_id, member_section='健康', rerun=False) | session.commit() | st.form_submit_button('确认并更新健康档案', type='primary') | flow.confirm(HealthOpsAgentSupervisor(), session, goal, {str(r.id): edited.iloc[i]['处理'] for i, r in enumerate(rows)}, actor=goal.owner, role='HEALTH_MANAGER')",包含提交动作，请结合分支核对,False
src/executive_health_ai/ui/pages/manager/profile_intake.py,review_updates,203,expander,'需要医学判断时提交医生',,,, ,"st.session_state.pop('care-detail', None) | app._open_member(goal.member_id) | app.request_navigation(surface='运营后台', ops_page='成员', member_id=goal.member_id, member_section='健康', rerun=False) | session.commit() | st.form_submit_button('确认并更新健康档案', type='primary') | flow.confirm(HealthOpsAgentSupervisor(), session, goal, {str(r.id): edited.iloc[i]['处理'] for i, r in enumerate(rows)}, actor=goal.owner, role='HEALTH_MANAGER')",包含提交动作，请结合分支核对,True
src/executive_health_ai/ui/pages/manager/profile_intake.py,review_updates,205,button,'提交医生判断',,,, ,"st.session_state.pop('care-detail', None) | app._open_member(goal.member_id) | app.request_navigation(surface='运营后台', ops_page='成员', member_id=goal.member_id, member_section='健康', rerun=False) | session.commit() | st.form_submit_button('确认并更新健康档案', type='primary') | flow.confirm(HealthOpsAgentSupervisor(), session, goal, {str(r.id): edited.iloc[i]['处理'] for i, r in enumerate(rows)}, actor=goal.owner, role='HEALTH_MANAGER')",包含提交动作，请结合分支核对,False
src/executive_health_ai/ui/pages/manager/profile_intake.py,review_updates,210,expander,'查看提取依据',,,, ,"st.session_state.pop('care-detail', None) | app._open_member(goal.member_id) | app.request_navigation(surface='运营后台', ops_page='成员', member_id=goal.member_id, member_section='健康', rerun=False) | session.commit() | st.form_submit_button('确认并更新健康档案', type='primary') | flow.confirm(HealthOpsAgentSupervisor(), session, goal, {str(r.id): edited.iloc[i]['处理'] for i, r in enumerate(rows)}, actor=goal.owner, role='HEALTH_MANAGER')",包含提交动作，请结合分支核对,True
src/executive_health_ai/ui/pages/manager/profile_intake.py,review_updates,230,download_button,'查看原文件',,'profile-source-' + str(goal.id),, ,"st.session_state.pop('care-detail', None) | app._open_member(goal.member_id) | app.request_navigation(surface='运营后台', ops_page='成员', member_id=goal.member_id, member_section='健康', rerun=False) | session.commit() | st.form_submit_button('确认并更新健康档案', type='primary') | flow.confirm(HealthOpsAgentSupervisor(), session, goal, {str(r.id): edited.iloc[i]['处理'] for i, r in enumerate(rows)}, actor=goal.owner, role='HEALTH_MANAGER')",包含提交动作，请结合分支核对,False
src/executive_health_ai/ui/pages/manager/services.py,services,26,radio,'服务状态筛选',,'service-operations-filter',list(filters), ,,导航/筛选/选择/展示；见回调,True
src/executive_health_ai/ui/pages/manager/services.py,services,38,data_table,visible,,'service-operations-grid',, ,,导航/筛选/选择/展示；见回调,True
src/executive_health_ai/ui/pages/manager/services.py,service_detail,53,expander,'申请原因与完整说明',,,, ,"app.MemberServiceOperations().approve(session, selected.id, '健康管理师') | session.commit() | st.form_submit_button('确认服务安排') | st.form_submit_button('记录服务完成') | app.MemberServiceOperations().complete(session, selected.id, result, selected.assigned_manager or '健康管理师', completion_evidence=evidence, next_action=next_action)",包含提交动作，请结合分支核对,True
src/executive_health_ai/ui/pages/manager/services.py,service_detail,59,primary_action,'审核申请',,f'service-operations-approve-{selected.id}',, ,"app.MemberServiceOperations().approve(session, selected.id, '健康管理师') | session.commit() | st.form_submit_button('确认服务安排') | st.form_submit_button('记录服务完成') | app.MemberServiceOperations().complete(session, selected.id, result, selected.assigned_manager or '健康管理师', completion_evidence=evidence, next_action=next_action)",包含提交动作，请结合分支核对,False
src/executive_health_ai/ui/pages/manager/services.py,service_detail,68,form_submit_button,'确认服务安排',,,, ,"app.MemberServiceOperations().approve(session, selected.id, '健康管理师') | session.commit() | st.form_submit_button('确认服务安排') | st.form_submit_button('记录服务完成') | app.MemberServiceOperations().complete(session, selected.id, result, selected.assigned_manager or '健康管理师', completion_evidence=evidence, next_action=next_action)",包含提交动作，请结合分支核对,False
src/executive_health_ai/ui/pages/manager/services.py,service_detail,78,primary_action,'确认开始服务',,f'service-operations-start-{selected.id}',, ,"app.MemberServiceOperations().approve(session, selected.id, '健康管理师') | session.commit() | st.form_submit_button('确认服务安排') | st.form_submit_button('记录服务完成') | app.MemberServiceOperations().complete(session, selected.id, result, selected.assigned_manager or '健康管理师', completion_evidence=evidence, next_action=next_action)",包含提交动作，请结合分支核对,False
src/executive_health_ai/ui/pages/manager/services.py,service_detail,88,form_submit_button,'记录服务完成',,,, ,"app.MemberServiceOperations().approve(session, selected.id, '健康管理师') | session.commit() | st.form_submit_button('确认服务安排') | st.form_submit_button('记录服务完成') | app.MemberServiceOperations().complete(session, selected.id, result, selected.assigned_manager or '健康管理师', completion_evidence=evidence, next_action=next_action)",包含提交动作，请结合分支核对,False
src/executive_health_ai/ui/pages/manager/services.py,service_detail,103,button,'进入会员管理',app._open_member_management,f'service-management-{selected.id}',,"(selected.patient_id,) ","app.MemberServiceOperations().approve(session, selected.id, '健康管理师') | session.commit() | st.form_submit_button('确认服务安排') | st.form_submit_button('记录服务完成') | app.MemberServiceOperations().complete(session, selected.id, result, selected.assigned_manager or '健康管理师', completion_evidence=evidence, next_action=next_action)",包含提交动作，请结合分支核对,False
src/executive_health_ai/ui/pages/manager/workbench.py,today,25,button,'← 返回今日工作',,,, ,"st.session_state.get('care-detail') | st.session_state.get('today-detail') | st.session_state.pop('today-detail', None) | st.session_state.get('today-work-grid-epoch', 0)",导航/筛选/选择/展示；见回调,False
src/executive_health_ai/ui/pages/manager/workbench.py,today,49,selectbox,'工作筛选',,'v5-work-scope',"['全部', '今天', '医疗', '复查', '服务', '管理', '逾期', '等待医生', '等待会员']", ,"st.session_state.get('care-detail') | st.session_state.get('today-detail') | st.session_state.pop('today-detail', None) | st.session_state.get('today-work-grid-epoch', 0)",导航/筛选/选择/展示；见回调,True
src/executive_health_ai/ui/pages/manager/workbench.py,today,51,selectbox,'负责人',,'today-owner',['全部'] + sorted({i.owner or '待分配' for i in items}), ,"st.session_state.get('care-detail') | st.session_state.get('today-detail') | st.session_state.pop('today-detail', None) | st.session_state.get('today-work-grid-epoch', 0)",导航/筛选/选择/展示；见回调,True
src/executive_health_ai/ui/pages/manager/workbench.py,today,56,data_table,visible,,'today-work-grid',, ,"st.session_state.get('care-detail') | st.session_state.get('today-detail') | st.session_state.pop('today-detail', None) | st.session_state.get('today-work-grid-epoch', 0)",导航/筛选/选择/展示；见回调,True
src/executive_health_ai/ui/pages/manager/workbench.py,work_detail,111,button,'查看会员相关资料',,,, ,"app._open_member(member.id) | app._render_current_risk_actions(member, selected_id=item.source_id) | app.render_report_review(item.document_id) | app._open_member_management(member.id)",导航/筛选/选择/展示；见回调,False
src/executive_health_ai/ui/pages/manager/workbench.py,work_detail,116,expander,'关键信息 / 数据 / 依据',,,, ,"app._open_member(member.id) | app._render_current_risk_actions(member, selected_id=item.source_id) | app.render_report_review(item.document_id) | app._open_member_management(member.id)",导航/筛选/选择/展示；见回调,True
src/executive_health_ai/ui/pages/manager/workbench.py,work_detail,121,button,'进入会员360',,,, ,"app._open_member(member.id) | app._render_current_risk_actions(member, selected_id=item.source_id) | app.render_report_review(item.document_id) | app._open_member_management(member.id)",导航/筛选/选择/展示；见回调,False
src/executive_health_ai/ui/pages/manager/workbench.py,directory,142,filter_bar,,,'member-list',, ,"st.session_state.get('member-directory-scope') | st.session_state.get('member-directory-epoch', 0)",导航/筛选/选择/展示；见回调,False
src/executive_health_ai/ui/pages/manager/workbench.py,directory,161,data_table,rows,,'member-directory',, ,"st.session_state.get('member-directory-scope') | st.session_state.get('member-directory-epoch', 0)",导航/筛选/选择/展示；见回调,True
src/executive_health_ai/ui/pages/manager/workbench.py,archive,173,button,'← 返回健康档案主页',,,, ,"st.session_state.get(section_key) | full_archive(app, patient, view) | st.session_state.pop(section_key, None) | app._render_client_medical_archive(patient) | st.session_state.get(section_key + '-epoch', 0) | app.render_member_archive(patient, selected_view=desired)",导航/筛选/选择/展示；见回调,False
src/executive_health_ai/ui/pages/manager/workbench.py,archive,181,button,'← 返回健康档案摘要',,section_key + '-back',, ,"st.session_state.get(section_key) | full_archive(app, patient, view) | st.session_state.pop(section_key, None) | app._render_client_medical_archive(patient) | st.session_state.get(section_key + '-epoch', 0) | app.render_member_archive(patient, selected_view=desired)",导航/筛选/选择/展示；见回调,False
src/executive_health_ai/ui/pages/manager/workbench.py,archive,200,button,'去补充初始评估',intake_entry.amend,section_key + '-intake',,"(patient, view) {'step': selected}","st.session_state.get(section_key) | full_archive(app, patient, view) | st.session_state.pop(section_key, None) | app._render_client_medical_archive(patient) | st.session_state.get(section_key + '-epoch', 0) | app.render_member_archive(patient, selected_view=desired)",导航/筛选/选择/展示；见回调,False
src/executive_health_ai/ui/pages/manager/workbench.py,archive,206,button,'查看完整健康档案',,f'full-archive-{patient.id}',, ,"st.session_state.get(section_key) | full_archive(app, patient, view) | st.session_state.pop(section_key, None) | app._render_client_medical_archive(patient) | st.session_state.get(section_key + '-epoch', 0) | app.render_member_archive(patient, selected_view=desired)",导航/筛选/选择/展示；见回调,False
src/executive_health_ai/ui/pages/manager/workbench.py,full_archive,229,data_table,rows,,section_key,, ,profile_intake.confirmed_records(patient.id),导航/筛选/选择/展示；见回调,True
src/executive_health_ai/ui/pages/manager/workbench.py,medical,238,radio,'医疗工作',,f'care-medical-{patient.id}',"['医学判断与会诊', '医疗记录', '申请会诊', '转诊']", ,"app.render_member_medical_workspace(patient, app._member_medical_context(patient.id)) | app.render_external_doctor_workspace([patient])",导航/筛选/选择/展示；见回调,True
src/executive_health_ai/ui/pages/manager/workflow.py,enroll,66,expander,'会员入组 · 新建年度服务周期',,,, ,st.form_submit_button('确认入组'),导航/筛选/选择/展示；见回调,True
src/executive_health_ai/ui/pages/manager/workflow.py,enroll,70,selectbox,'会员档案',,,['新会员'] + [str(m.id) for m in members], ,st.form_submit_button('确认入组'),导航/筛选/选择/展示；见回调,True
src/executive_health_ai/ui/pages/manager/workflow.py,enroll,75,form_submit_button,'确认入组',,,, ,st.form_submit_button('确认入组'),导航/筛选/选择/展示；见回调,False
src/executive_health_ai/ui/pages/manager/workflow.py,phase_table,88,data_table,view.phases,,key,, ,,导航/筛选/选择/展示；见回调,True
src/executive_health_ai/ui/pages/manager/workflow.py,phase_detail,98,data_table,tasks,,key + '-tasks',, ,,导航/筛选/选择/展示；见回调,True
src/executive_health_ai/ui/pages/manager/workflow.py,phase_detail,102,expander,'事项目标与结果',,,, ,,导航/筛选/选择/展示；见回调,True
src/executive_health_ai/ui/pages/manager/workflow.py,phase_detail,103,expander,'阶段管理内容与结果',,,, ,,导航/筛选/选择/展示；见回调,True
src/executive_health_ai/ui/pages/manager/workflow.py,intake,124,button,'← 返回健康档案',intake_entry.return_to_archive,f'intake-back-{patient.id}',,"(app, patient) ","st.session_state.get(f'intake-step-{patient.id}', resume_index) | st.session_state.get(f'intake-assessment-id-{patient.id}') | st.session_state.get(f'intake-readonly-{patient.id}') | first_incomplete(session, patient.id, row) | left.form_submit_button('保存草稿') | right.form_submit_button('保存草稿并继续', type='primary') | session.commit() | service.submit_intake(s, patient.id, row.id, '会员本人' if member else view.owner)",包含提交动作，请结合分支核对,False
src/executive_health_ai/ui/pages/manager/workflow.py,intake,133,button,'开始评估',intake_entry.open_intake,,,"(patient, view) ","st.session_state.get(f'intake-step-{patient.id}', resume_index) | st.session_state.get(f'intake-assessment-id-{patient.id}') | st.session_state.get(f'intake-readonly-{patient.id}') | first_incomplete(session, patient.id, row) | left.form_submit_button('保存草稿') | right.form_submit_button('保存草稿并继续', type='primary') | session.commit() | service.submit_intake(s, patient.id, row.id, '会员本人' if member else view.owner)",包含提交动作，请结合分支核对,False
src/executive_health_ai/ui/pages/manager/workflow.py,intake,138,button,'继续填写',intake_entry.open_intake,,,"(patient, view) ","st.session_state.get(f'intake-step-{patient.id}', resume_index) | st.session_state.get(f'intake-assessment-id-{patient.id}') | st.session_state.get(f'intake-readonly-{patient.id}') | first_incomplete(session, patient.id, row) | left.form_submit_button('保存草稿') | right.form_submit_button('保存草稿并继续', type='primary') | session.commit() | service.submit_intake(s, patient.id, row.id, '会员本人' if member else view.owner)",包含提交动作，请结合分支核对,False
src/executive_health_ai/ui/pages/manager/workflow.py,intake,143,button,'补充/修正',intake_entry.amend,,,"(patient, view) ","st.session_state.get(f'intake-step-{patient.id}', resume_index) | st.session_state.get(f'intake-assessment-id-{patient.id}') | st.session_state.get(f'intake-readonly-{patient.id}') | first_incomplete(session, patient.id, row) | left.form_submit_button('保存草稿') | right.form_submit_button('保存草稿并继续', type='primary') | session.commit() | service.submit_intake(s, patient.id, row.id, '会员本人' if member else view.owner)",包含提交动作，请结合分支核对,False
src/executive_health_ai/ui/pages/manager/workflow.py,intake,148,expander,'查看已提交资料',,,, ,"st.session_state.get(f'intake-step-{patient.id}', resume_index) | st.session_state.get(f'intake-assessment-id-{patient.id}') | st.session_state.get(f'intake-readonly-{patient.id}') | first_incomplete(session, patient.id, row) | left.form_submit_button('保存草稿') | right.form_submit_button('保存草稿并继续', type='primary') | session.commit() | service.submit_intake(s, patient.id, row.id, '会员本人' if member else view.owner)",包含提交动作，请结合分支核对,True
src/executive_health_ai/ui/pages/manager/workflow.py,intake,161,selectbox,'填写步骤',,f'intake-select-{patient.id}-{index}',range(len(wizard_steps)), ,"st.session_state.get(f'intake-step-{patient.id}', resume_index) | st.session_state.get(f'intake-assessment-id-{patient.id}') | st.session_state.get(f'intake-readonly-{patient.id}') | first_incomplete(session, patient.id, row) | left.form_submit_button('保存草稿') | right.form_submit_button('保存草稿并继续', type='primary') | session.commit() | service.submit_intake(s, patient.id, row.id, '会员本人' if member else view.owner)",包含提交动作，请结合分支核对,True
src/executive_health_ai/ui/pages/manager/workflow.py,intake,169,checkbox,'我确认已逐项核对；未知项由健康管理团队继续确认',,,, ,"st.session_state.get(f'intake-step-{patient.id}', resume_index) | st.session_state.get(f'intake-assessment-id-{patient.id}') | st.session_state.get(f'intake-readonly-{patient.id}') | first_incomplete(session, patient.id, row) | left.form_submit_button('保存草稿') | right.form_submit_button('保存草稿并继续', type='primary') | session.commit() | service.submit_intake(s, patient.id, row.id, '会员本人' if member else view.owner)",包含提交动作，请结合分支核对,False
src/executive_health_ai/ui/pages/manager/workflow.py,intake,170,button,'提交初始评估',,,, ,"st.session_state.get(f'intake-step-{patient.id}', resume_index) | st.session_state.get(f'intake-assessment-id-{patient.id}') | st.session_state.get(f'intake-readonly-{patient.id}') | first_incomplete(session, patient.id, row) | left.form_submit_button('保存草稿') | right.form_submit_button('保存草稿并继续', type='primary') | session.commit() | service.submit_intake(s, patient.id, row.id, '会员本人' if member else view.owner)",包含提交动作，请结合分支核对,False
src/executive_health_ai/ui/pages/manager/workflow.py,intake,182,selectbox,'性别',,,"['未提供', 'male', 'female']", ,"st.session_state.get(f'intake-step-{patient.id}', resume_index) | st.session_state.get(f'intake-assessment-id-{patient.id}') | st.session_state.get(f'intake-readonly-{patient.id}') | first_incomplete(session, patient.id, row) | left.form_submit_button('保存草稿') | right.form_submit_button('保存草稿并继续', type='primary') | session.commit() | service.submit_intake(s, patient.id, row.id, '会员本人' if member else view.owner)",包含提交动作，请结合分支核对,True
src/executive_health_ai/ui/pages/manager/workflow.py,intake,200,checkbox,'已核对本步骤原始资料，确认当前填写或保留未知',,,, ,"st.session_state.get(f'intake-step-{patient.id}', resume_index) | st.session_state.get(f'intake-assessment-id-{patient.id}') | st.session_state.get(f'intake-readonly-{patient.id}') | first_incomplete(session, patient.id, row) | left.form_submit_button('保存草稿') | right.form_submit_button('保存草稿并继续', type='primary') | session.commit() | service.submit_intake(s, patient.id, row.id, '会员本人' if member else view.owner)",包含提交动作，请结合分支核对,False
src/executive_health_ai/ui/pages/manager/workflow.py,intake,205,form_submit_button,'保存草稿',,,, ,"st.session_state.get(f'intake-step-{patient.id}', resume_index) | st.session_state.get(f'intake-assessment-id-{patient.id}') | st.session_state.get(f'intake-readonly-{patient.id}') | first_incomplete(session, patient.id, row) | left.form_submit_button('保存草稿') | right.form_submit_button('保存草稿并继续', type='primary') | session.commit() | service.submit_intake(s, patient.id, row.id, '会员本人' if member else view.owner)",包含提交动作，请结合分支核对,False
src/executive_health_ai/ui/pages/manager/workflow.py,intake,206,form_submit_button,'保存草稿并继续',,,, ,"st.session_state.get(f'intake-step-{patient.id}', resume_index) | st.session_state.get(f'intake-assessment-id-{patient.id}') | st.session_state.get(f'intake-readonly-{patient.id}') | first_incomplete(session, patient.id, row) | left.form_submit_button('保存草稿') | right.form_submit_button('保存草稿并继续', type='primary') | session.commit() | service.submit_intake(s, patient.id, row.id, '会员本人' if member else view.owner)",包含提交动作，请结合分支核对,False
src/executive_health_ai/ui/pages/manager/workflow.py,manager_assessment,221,expander,'健管专业初评',,,, ,"st.form_submit_button('保存健管初评', type='primary')",导航/筛选/选择/展示；见回调,True
src/executive_health_ai/ui/pages/manager/workflow.py,manager_assessment,231,selectbox,'初评决定',,,"['DRAFT', 'CONFIRM', 'RETURN']", ,"st.form_submit_button('保存健管初评', type='primary')",导航/筛选/选择/展示；见回调,True
src/executive_health_ai/ui/pages/manager/workflow.py,manager_assessment,232,form_submit_button,'保存健管初评',,,, ,"st.form_submit_button('保存健管初评', type='primary')",导航/筛选/选择/展示；见回调,False
src/executive_health_ai/ui/pages/manager/workflow.py,family,237,expander,'家庭关系与紧急联系人',,,, ,st.form_submit_button('保存家庭关系'),导航/筛选/选择/展示；见回调,True
src/executive_health_ai/ui/pages/manager/workflow.py,family,241,checkbox,'紧急联系人',,,, ,st.form_submit_button('保存家庭关系'),导航/筛选/选择/展示；见回调,False
src/executive_health_ai/ui/pages/manager/workflow.py,family,241,checkbox,'共享服务权益标记（不自动授予权限）',,,, ,st.form_submit_button('保存家庭关系'),导航/筛选/选择/展示；见回调,False
src/executive_health_ai/ui/pages/manager/workflow.py,family,244,selectbox,'关联会员（可选）',,,[None] + [m.id for m in members], ,st.form_submit_button('保存家庭关系'),导航/筛选/选择/展示；见回调,True
src/executive_health_ai/ui/pages/manager/workflow.py,family,245,form_submit_button,'保存家庭关系',,,, ,st.form_submit_button('保存家庭关系'),导航/筛选/选择/展示；见回调,False
src/executive_health_ai/ui/pages/manager/workflow.py,management,259,expander,'计划关联服务与执行结果',,,, ,"app.render_tasks({'tasks': list(view.tasks)}) | app.render_member_service_management(patient) | st.session_state.get(f'workflow-open-log-{patient.id}', False)",导航/筛选/选择/展示；见回调,True
src/executive_health_ai/ui/pages/manager/workflow.py,management,262,selectbox,'管理工作',,f'workflow-mode-{patient.id}',"['管理事项', '管理日志', '年度方案与阶段', '检查复查', '阶段评估', '关联服务', '计划调整与随访']", ,"app.render_tasks({'tasks': list(view.tasks)}) | app.render_member_service_management(patient) | st.session_state.get(f'workflow-open-log-{patient.id}', False)",导航/筛选/选择/展示；见回调,True
src/executive_health_ai/ui/pages/manager/workflow.py,management,273,data_table,view.services,,f'member-service-records-{patient.id}',, ,"app.render_tasks({'tasks': list(view.tasks)}) | app.render_member_service_management(patient) | st.session_state.get(f'workflow-open-log-{patient.id}', False)",导航/筛选/选择/展示；见回调,True
src/executive_health_ai/ui/pages/manager/workflow.py,management,275,selectbox,'关联阶段',,,[None] + list(view.phases), ,"app.render_tasks({'tasks': list(view.tasks)}) | app.render_member_service_management(patient) | st.session_state.get(f'workflow-open-log-{patient.id}', False)",导航/筛选/选择/展示；见回调,True
src/executive_health_ai/ui/pages/manager/workflow.py,management,276,selectbox,'关联管理事项',,,[None] + list(view.tasks), ,"app.render_tasks({'tasks': list(view.tasks)}) | app.render_member_service_management(patient) | st.session_state.get(f'workflow-open-log-{patient.id}', False)",导航/筛选/选择/展示；见回调,True
src/executive_health_ai/ui/pages/manager/workflow.py,management,277,button,'关联周期与阶段',,,, ,"app.render_tasks({'tasks': list(view.tasks)}) | app.render_member_service_management(patient) | st.session_state.get(f'workflow-open-log-{patient.id}', False)",导航/筛选/选择/展示；见回调,False
src/executive_health_ai/ui/pages/manager/workflow.py,management,284,radio,'计划操作',,,"['建立 / 调整计划', '安排随访', '记录阶段结果']", ,"app.render_tasks({'tasks': list(view.tasks)}) | app.render_member_service_management(patient) | st.session_state.get(f'workflow-open-log-{patient.id}', False)",导航/筛选/选择/展示；见回调,True
src/executive_health_ai/ui/pages/manager/workflow.py,log_rows,299,radio,'管理记录视图',,key + '-view',"['时间轴', '表格']", ,,导航/筛选/选择/展示；见回调,True
src/executive_health_ai/ui/pages/manager/workflow.py,log_rows,307,data_table,rows,,key + '-grid',, ,,导航/筛选/选择/展示；见回调,True
src/executive_health_ai/ui/pages/manager/workflow.py,log_rows,314,expander,"'记录详情 · ' + ux.when(row.occurred_at) + ' · ' + preview(row.member_issue, 20)",,,, ,,导航/筛选/选择/展示；见回调,True
src/executive_health_ai/ui/pages/manager/workflow.py,logs,337,button,'确认保存并建立待办',,,, ,"st.session_state.setdefault(f'log-key-{patient.id}', str(uuid4())) | st.session_state.get(pending_key) | st.form_submit_button('保存', type='primary') | st.session_state.pop(pending_key, None)",导航/筛选/选择/展示；见回调,False
src/executive_health_ai/ui/pages/manager/workflow.py,logs,339,button,'修改记录',,,, ,"st.session_state.setdefault(f'log-key-{patient.id}', str(uuid4())) | st.session_state.get(pending_key) | st.form_submit_button('保存', type='primary') | st.session_state.pop(pending_key, None)",导航/筛选/选择/展示；见回调,False
src/executive_health_ai/ui/pages/manager/workflow.py,logs,343,selectbox,'记录类型',,,LOG_CATEGORIES, ,"st.session_state.setdefault(f'log-key-{patient.id}', str(uuid4())) | st.session_state.get(pending_key) | st.form_submit_button('保存', type='primary') | st.session_state.pop(pending_key, None)",导航/筛选/选择/展示；见回调,True
src/executive_health_ai/ui/pages/manager/workflow.py,logs,347,expander,'机构、服务与依据（选填）',,,, ,"st.session_state.setdefault(f'log-key-{patient.id}', str(uuid4())) | st.session_state.get(pending_key) | st.form_submit_button('保存', type='primary') | st.session_state.pop(pending_key, None)",导航/筛选/选择/展示；见回调,True
src/executive_health_ai/ui/pages/manager/workflow.py,logs,348,selectbox,'沟通渠道',,,"['电话', '微信', '面谈', '其他']", ,"st.session_state.setdefault(f'log-key-{patient.id}', str(uuid4())) | st.session_state.get(pending_key) | st.form_submit_button('保存', type='primary') | st.session_state.pop(pending_key, None)",导航/筛选/选择/展示；见回调,True
src/executive_health_ai/ui/pages/manager/workflow.py,logs,350,selectbox,'相关任务',,,[None] + list(view.tasks), ,"st.session_state.setdefault(f'log-key-{patient.id}', str(uuid4())) | st.session_state.get(pending_key) | st.form_submit_button('保存', type='primary') | st.session_state.pop(pending_key, None)",导航/筛选/选择/展示；见回调,True
src/executive_health_ai/ui/pages/manager/workflow.py,logs,351,selectbox,'相关报告',,,[None] + list(view.documents), ,"st.session_state.setdefault(f'log-key-{patient.id}', str(uuid4())) | st.session_state.get(pending_key) | st.form_submit_button('保存', type='primary') | st.session_state.pop(pending_key, None)",导航/筛选/选择/展示；见回调,True
src/executive_health_ai/ui/pages/manager/workflow.py,logs,352,selectbox,'相关医生复核',,,[None] + list(view.doctor_reviews), ,"st.session_state.setdefault(f'log-key-{patient.id}', str(uuid4())) | st.session_state.get(pending_key) | st.form_submit_button('保存', type='primary') | st.session_state.pop(pending_key, None)",导航/筛选/选择/展示；见回调,True
src/executive_health_ai/ui/pages/manager/workflow.py,logs,353,selectbox,'相关服务',,,[None] + list(view.services), ,"st.session_state.setdefault(f'log-key-{patient.id}', str(uuid4())) | st.session_state.get(pending_key) | st.form_submit_button('保存', type='primary') | st.session_state.pop(pending_key, None)",导航/筛选/选择/展示；见回调,True
src/executive_health_ai/ui/pages/manager/workflow.py,logs,354,selectbox,'相关风险',,,[None] + list(view.risks), ,"st.session_state.setdefault(f'log-key-{patient.id}', str(uuid4())) | st.session_state.get(pending_key) | st.form_submit_button('保存', type='primary') | st.session_state.pop(pending_key, None)",导航/筛选/选择/展示；见回调,True
src/executive_health_ai/ui/pages/manager/workflow.py,logs,355,form_submit_button,'保存',,,, ,"st.session_state.setdefault(f'log-key-{patient.id}', str(uuid4())) | st.session_state.get(pending_key) | st.form_submit_button('保存', type='primary') | st.session_state.pop(pending_key, None)",导航/筛选/选择/展示；见回调,False
src/executive_health_ai/ui/pages/manager/workflow.py,plan,391,expander,'本阶段复盘记录',,,, ,st.form_submit_button('保存阶段'),导航/筛选/选择/展示；见回调,True
src/executive_health_ai/ui/pages/manager/workflow.py,plan,393,expander,'增加阶段',,,, ,st.form_submit_button('保存阶段'),导航/筛选/选择/展示；见回调,True
src/executive_health_ai/ui/pages/manager/workflow.py,plan,397,form_submit_button,'保存阶段',,,, ,st.form_submit_button('保存阶段'),导航/筛选/选择/展示；见回调,False
src/executive_health_ai/ui/pages/manager/workflow.py,plan,399,button,'启动年度方案',,,, ,st.form_submit_button('保存阶段'),导航/筛选/选择/展示；见回调,False
src/executive_health_ai/ui/pages/manager/workflow.py,recheck,409,data_table,view.rechecks,,f'recheck-grid-{patient.id}',, ,,导航/筛选/选择/展示；见回调,True
src/executive_health_ai/ui/pages/manager/workflow.py,recheck_create,415,expander,'建立检查复查计划',,,, ,"st.form_submit_button('建立复查事项', type='primary')",导航/筛选/选择/展示；见回调,True
src/executive_health_ai/ui/pages/manager/workflow.py,recheck_create,419,selectbox,'已确认医生意见',,,[None] + [r for r in view.doctor_reviews if r.status == 'CONFIRMED'], ,"st.form_submit_button('建立复查事项', type='primary')",导航/筛选/选择/展示；见回调,True
src/executive_health_ai/ui/pages/manager/workflow.py,recheck_create,420,form_submit_button,'建立复查事项',,,, ,"st.form_submit_button('建立复查事项', type='primary')",导航/筛选/选择/展示；见回调,False
src/executive_health_ai/ui/pages/manager/workflow.py,recheck_detail,426,expander,row.title + ' · ' + RECHECK_LABELS[row.status],,,, ,"st.form_submit_button(action_label, type='primary')",导航/筛选/选择/展示；见回调,True
src/executive_health_ai/ui/pages/manager/workflow.py,recheck_detail,432,selectbox,'关联报告',,,[None] + list(view.documents), ,"st.form_submit_button(action_label, type='primary')",导航/筛选/选择/展示；见回调,True
src/executive_health_ai/ui/pages/manager/workflow.py,recheck_detail,435,form_submit_button,action_label,,,, ,"st.form_submit_button(action_label, type='primary')",导航/筛选/选择/展示；见回调,False
src/executive_health_ai/ui/pages/manager/workflow.py,stage_review,447,expander,'完整结论与下一阶段建议',,,, ,"st.form_submit_button('确认阶段结果', type='primary')",导航/筛选/选择/展示；见回调,True
src/executive_health_ai/ui/pages/manager/workflow.py,stage_review,449,button,'确认进入下一阶段',,,, ,"st.form_submit_button('确认阶段结果', type='primary')",导航/筛选/选择/展示；见回调,False
src/executive_health_ai/ui/pages/manager/workflow.py,stage_review,454,expander,'记录阶段评估',,,, ,"st.form_submit_button('确认阶段结果', type='primary')",导航/筛选/选择/展示；见回调,True
src/executive_health_ai/ui/pages/manager/workflow.py,stage_review,461,selectbox,'阶段决定',,,"['CONTINUE', 'ADJUST', 'DOCTOR_REVIEW', 'STABILIZE', 'NEXT_PHASE']", ,"st.form_submit_button('确认阶段结果', type='primary')",导航/筛选/选择/展示；见回调,True
src/executive_health_ai/ui/pages/manager/workflow.py,stage_review,462,form_submit_button,'确认阶段结果',,,, ,"st.form_submit_button('确认阶段结果', type='primary')",导航/筛选/选择/展示；见回调,False
src/executive_health_ai/ui/pages/manager/workflow.py,consultations,475,data_table,all_cases,,'global-consultations',, ,"st.form_submit_button('提交本科意见', type='primary') | st.form_submit_button('保存行动草稿') | st.form_submit_button('提交会诊申请') | st.form_submit_button('确认综合结论并交健管') | st.form_submit_button('确认映射到现有用药档案') | service.confirm_actions(s, patient.id, case.id, actions=actions, actor=view.owner) | service.confirm_actions(s, patient.id, case.id, actions=case.action_drafts, actor=view.owner, confirm=True) | service.confirm_medication(s, patient.id, view.intake.id, index, actor=actor, role='doctor', evidence=evidence)",导航/筛选/选择/展示；见回调,True
src/executive_health_ai/ui/pages/manager/workflow.py,consultations,478,expander,'为会员申请会诊',,,, ,"st.form_submit_button('提交本科意见', type='primary') | st.form_submit_button('保存行动草稿') | st.form_submit_button('提交会诊申请') | st.form_submit_button('确认综合结论并交健管') | st.form_submit_button('确认映射到现有用药档案') | service.confirm_actions(s, patient.id, case.id, actions=actions, actor=view.owner) | service.confirm_actions(s, patient.id, case.id, actions=case.action_drafts, actor=view.owner, confirm=True) | service.confirm_medication(s, patient.id, view.intake.id, index, actor=actor, role='doctor', evidence=evidence)",导航/筛选/选择/展示；见回调,True
src/executive_health_ai/ui/pages/manager/workflow.py,consultations,479,selectbox,'会诊会员',,'consultation-member-manager',members, ,"st.form_submit_button('提交本科意见', type='primary') | st.form_submit_button('保存行动草稿') | st.form_submit_button('提交会诊申请') | st.form_submit_button('确认综合结论并交健管') | st.form_submit_button('确认映射到现有用药档案') | service.confirm_actions(s, patient.id, case.id, actions=actions, actor=view.owner) | service.confirm_actions(s, patient.id, case.id, actions=case.action_drafts, actor=view.owner, confirm=True) | service.confirm_medication(s, patient.id, view.intake.id, index, actor=actor, role='doctor', evidence=evidence)",导航/筛选/选择/展示；见回调,True
src/executive_health_ai/ui/pages/manager/workflow.py,consultations,483,selectbox,'会诊会员',,'consultation-member-doctor',members, ,"st.form_submit_button('提交本科意见', type='primary') | st.form_submit_button('保存行动草稿') | st.form_submit_button('提交会诊申请') | st.form_submit_button('确认综合结论并交健管') | st.form_submit_button('确认映射到现有用药档案') | service.confirm_actions(s, patient.id, case.id, actions=actions, actor=view.owner) | service.confirm_actions(s, patient.id, case.id, actions=case.action_drafts, actor=view.owner, confirm=True) | service.confirm_medication(s, patient.id, view.intake.id, index, actor=actor, role='doctor', evidence=evidence)",导航/筛选/选择/展示；见回调,True
src/executive_health_ai/ui/pages/manager/workflow.py,consultations,486,expander,'初始评估用药候选 · 医生核对',,,, ,"st.form_submit_button('提交本科意见', type='primary') | st.form_submit_button('保存行动草稿') | st.form_submit_button('提交会诊申请') | st.form_submit_button('确认综合结论并交健管') | st.form_submit_button('确认映射到现有用药档案') | service.confirm_actions(s, patient.id, case.id, actions=actions, actor=view.owner) | service.confirm_actions(s, patient.id, case.id, actions=case.action_drafts, actor=view.owner, confirm=True) | service.confirm_medication(s, patient.id, view.intake.id, index, actor=actor, role='doctor', evidence=evidence)",导航/筛选/选择/展示；见回调,True
src/executive_health_ai/ui/pages/manager/workflow.py,consultations,489,selectbox,'待确认用药',,,range(len(candidates)), ,"st.form_submit_button('提交本科意见', type='primary') | st.form_submit_button('保存行动草稿') | st.form_submit_button('提交会诊申请') | st.form_submit_button('确认综合结论并交健管') | st.form_submit_button('确认映射到现有用药档案') | service.confirm_actions(s, patient.id, case.id, actions=actions, actor=view.owner) | service.confirm_actions(s, patient.id, case.id, actions=case.action_drafts, actor=view.owner, confirm=True) | service.confirm_medication(s, patient.id, view.intake.id, index, actor=actor, role='doctor', evidence=evidence)",导航/筛选/选择/展示；见回调,True
src/executive_health_ai/ui/pages/manager/workflow.py,consultations,493,form_submit_button,'确认映射到现有用药档案',,,, ,"st.form_submit_button('提交本科意见', type='primary') | st.form_submit_button('保存行动草稿') | st.form_submit_button('提交会诊申请') | st.form_submit_button('确认综合结论并交健管') | st.form_submit_button('确认映射到现有用药档案') | service.confirm_actions(s, patient.id, case.id, actions=actions, actor=view.owner) | service.confirm_actions(s, patient.id, case.id, actions=case.action_drafts, actor=view.owner, confirm=True) | service.confirm_medication(s, patient.id, view.intake.id, index, actor=actor, role='doctor', evidence=evidence)",导航/筛选/选择/展示；见回调,False
src/executive_health_ai/ui/pages/manager/workflow.py,consultations,498,expander,'申请正式会诊',,,, ,"st.form_submit_button('提交本科意见', type='primary') | st.form_submit_button('保存行动草稿') | st.form_submit_button('提交会诊申请') | st.form_submit_button('确认综合结论并交健管') | st.form_submit_button('确认映射到现有用药档案') | service.confirm_actions(s, patient.id, case.id, actions=actions, actor=view.owner) | service.confirm_actions(s, patient.id, case.id, actions=case.action_drafts, actor=view.owner, confirm=True) | service.confirm_medication(s, patient.id, view.intake.id, index, actor=actor, role='doctor', evidence=evidence)",导航/筛选/选择/展示；见回调,True
src/executive_health_ai/ui/pages/manager/workflow.py,consultations,504,form_submit_button,'提交会诊申请',,,, ,"st.form_submit_button('提交本科意见', type='primary') | st.form_submit_button('保存行动草稿') | st.form_submit_button('提交会诊申请') | st.form_submit_button('确认综合结论并交健管') | st.form_submit_button('确认映射到现有用药档案') | service.confirm_actions(s, patient.id, case.id, actions=actions, actor=view.owner) | service.confirm_actions(s, patient.id, case.id, actions=case.action_drafts, actor=view.owner, confirm=True) | service.confirm_medication(s, patient.id, view.intake.id, index, actor=actor, role='doctor', evidence=evidence)",导航/筛选/选择/展示；见回调,False
src/executive_health_ai/ui/pages/manager/workflow.py,consultations,513,data_table,view.consultations,,f'consultations-{patient.id}-{doctor}',, ,"st.form_submit_button('提交本科意见', type='primary') | st.form_submit_button('保存行动草稿') | st.form_submit_button('提交会诊申请') | st.form_submit_button('确认综合结论并交健管') | st.form_submit_button('确认映射到现有用药档案') | service.confirm_actions(s, patient.id, case.id, actions=actions, actor=view.owner) | service.confirm_actions(s, patient.id, case.id, actions=case.action_drafts, actor=view.owner, confirm=True) | service.confirm_medication(s, patient.id, view.intake.id, index, actor=actor, role='doctor', evidence=evidence)",导航/筛选/选择/展示；见回调,True
src/executive_health_ai/ui/pages/manager/workflow.py,consultations,519,expander,'会诊原因与关键依据',,,, ,"st.form_submit_button('提交本科意见', type='primary') | st.form_submit_button('保存行动草稿') | st.form_submit_button('提交会诊申请') | st.form_submit_button('确认综合结论并交健管') | st.form_submit_button('确认映射到现有用药档案') | service.confirm_actions(s, patient.id, case.id, actions=actions, actor=view.owner) | service.confirm_actions(s, patient.id, case.id, actions=case.action_drafts, actor=view.owner, confirm=True) | service.confirm_medication(s, patient.id, view.intake.id, index, actor=actor, role='doctor', evidence=evidence)",导航/筛选/选择/展示；见回调,True
src/executive_health_ai/ui/pages/manager/workflow.py,consultations,522,data_table,opinions,,f'opinions-{case.id}-{doctor}',, ,"st.form_submit_button('提交本科意见', type='primary') | st.form_submit_button('保存行动草稿') | st.form_submit_button('提交会诊申请') | st.form_submit_button('确认综合结论并交健管') | st.form_submit_button('确认映射到现有用药档案') | service.confirm_actions(s, patient.id, case.id, actions=actions, actor=view.owner) | service.confirm_actions(s, patient.id, case.id, actions=case.action_drafts, actor=view.owner, confirm=True) | service.confirm_medication(s, patient.id, view.intake.id, index, actor=actor, role='doctor', evidence=evidence)",导航/筛选/选择/展示；见回调,True
src/executive_health_ai/ui/pages/manager/workflow.py,consultations,524,expander,'完整医生意见 · ' + opinion.clinician_name,,,, ,"st.form_submit_button('提交本科意见', type='primary') | st.form_submit_button('保存行动草稿') | st.form_submit_button('提交会诊申请') | st.form_submit_button('确认综合结论并交健管') | st.form_submit_button('确认映射到现有用药档案') | service.confirm_actions(s, patient.id, case.id, actions=actions, actor=view.owner) | service.confirm_actions(s, patient.id, case.id, actions=case.action_drafts, actor=view.owner, confirm=True) | service.confirm_medication(s, patient.id, view.intake.id, index, actor=actor, role='doctor', evidence=evidence)",导航/筛选/选择/展示；见回调,True
src/executive_health_ai/ui/pages/manager/workflow.py,consultations,526,button,'确认会诊安排',,,, ,"st.form_submit_button('提交本科意见', type='primary') | st.form_submit_button('保存行动草稿') | st.form_submit_button('提交会诊申请') | st.form_submit_button('确认综合结论并交健管') | st.form_submit_button('确认映射到现有用药档案') | service.confirm_actions(s, patient.id, case.id, actions=actions, actor=view.owner) | service.confirm_actions(s, patient.id, case.id, actions=case.action_drafts, actor=view.owner, confirm=True) | service.confirm_medication(s, patient.id, view.intake.id, index, actor=actor, role='doctor', evidence=evidence)",导航/筛选/选择/展示；见回调,False
src/executive_health_ai/ui/pages/manager/workflow.py,consultations,529,selectbox,'本次参加医生',,,case.participants, ,"st.form_submit_button('提交本科意见', type='primary') | st.form_submit_button('保存行动草稿') | st.form_submit_button('提交会诊申请') | st.form_submit_button('确认综合结论并交健管') | st.form_submit_button('确认映射到现有用药档案') | service.confirm_actions(s, patient.id, case.id, actions=actions, actor=view.owner) | service.confirm_actions(s, patient.id, case.id, actions=case.action_drafts, actor=view.owner, confirm=True) | service.confirm_medication(s, patient.id, view.intake.id, index, actor=actor, role='doctor', evidence=evidence)",导航/筛选/选择/展示；见回调,True
src/executive_health_ai/ui/pages/manager/workflow.py,consultations,531,form_submit_button,'提交本科意见',,,, ,"st.form_submit_button('提交本科意见', type='primary') | st.form_submit_button('保存行动草稿') | st.form_submit_button('提交会诊申请') | st.form_submit_button('确认综合结论并交健管') | st.form_submit_button('确认映射到现有用药档案') | service.confirm_actions(s, patient.id, case.id, actions=actions, actor=view.owner) | service.confirm_actions(s, patient.id, case.id, actions=case.action_drafts, actor=view.owner, confirm=True) | service.confirm_medication(s, patient.id, view.intake.id, index, actor=actor, role='doctor', evidence=evidence)",导航/筛选/选择/展示；见回调,False
src/executive_health_ai/ui/pages/manager/workflow.py,consultations,533,expander,'收齐意见后确认综合结论',,,, ,"st.form_submit_button('提交本科意见', type='primary') | st.form_submit_button('保存行动草稿') | st.form_submit_button('提交会诊申请') | st.form_submit_button('确认综合结论并交健管') | st.form_submit_button('确认映射到现有用药档案') | service.confirm_actions(s, patient.id, case.id, actions=actions, actor=view.owner) | service.confirm_actions(s, patient.id, case.id, actions=case.action_drafts, actor=view.owner, confirm=True) | service.confirm_medication(s, patient.id, view.intake.id, index, actor=actor, role='doctor', evidence=evidence)",导航/筛选/选择/展示；见回调,True
src/executive_health_ai/ui/pages/manager/workflow.py,consultations,535,form_submit_button,'确认综合结论并交健管',,,, ,"st.form_submit_button('提交本科意见', type='primary') | st.form_submit_button('保存行动草稿') | st.form_submit_button('提交会诊申请') | st.form_submit_button('确认综合结论并交健管') | st.form_submit_button('确认映射到现有用药档案') | service.confirm_actions(s, patient.id, case.id, actions=actions, actor=view.owner) | service.confirm_actions(s, patient.id, case.id, actions=case.action_drafts, actor=view.owner, confirm=True) | service.confirm_medication(s, patient.id, view.intake.id, index, actor=actor, role='doctor', evidence=evidence)",导航/筛选/选择/展示；见回调,False
src/executive_health_ai/ui/pages/manager/workflow.py,consultations,542,expander,'完整行动草稿',,,, ,"st.form_submit_button('提交本科意见', type='primary') | st.form_submit_button('保存行动草稿') | st.form_submit_button('提交会诊申请') | st.form_submit_button('确认综合结论并交健管') | st.form_submit_button('确认映射到现有用药档案') | service.confirm_actions(s, patient.id, case.id, actions=actions, actor=view.owner) | service.confirm_actions(s, patient.id, case.id, actions=case.action_drafts, actor=view.owner, confirm=True) | service.confirm_medication(s, patient.id, view.intake.id, index, actor=actor, role='doctor', evidence=evidence)",导航/筛选/选择/展示；见回调,True
src/executive_health_ai/ui/pages/manager/workflow.py,consultations,547,selectbox,'事项类型',,,"['复查事项', '用药管理事项', '生活方式事项', '服务事项', '医生复核']", ,"st.form_submit_button('提交本科意见', type='primary') | st.form_submit_button('保存行动草稿') | st.form_submit_button('提交会诊申请') | st.form_submit_button('确认综合结论并交健管') | st.form_submit_button('确认映射到现有用药档案') | service.confirm_actions(s, patient.id, case.id, actions=actions, actor=view.owner) | service.confirm_actions(s, patient.id, case.id, actions=case.action_drafts, actor=view.owner, confirm=True) | service.confirm_medication(s, patient.id, view.intake.id, index, actor=actor, role='doctor', evidence=evidence)",导航/筛选/选择/展示；见回调,True
src/executive_health_ai/ui/pages/manager/workflow.py,consultations,549,form_submit_button,'保存行动草稿',,,, ,"st.form_submit_button('提交本科意见', type='primary') | st.form_submit_button('保存行动草稿') | st.form_submit_button('提交会诊申请') | st.form_submit_button('确认综合结论并交健管') | st.form_submit_button('确认映射到现有用药档案') | service.confirm_actions(s, patient.id, case.id, actions=actions, actor=view.owner) | service.confirm_actions(s, patient.id, case.id, actions=case.action_drafts, actor=view.owner, confirm=True) | service.confirm_medication(s, patient.id, view.intake.id, index, actor=actor, role='doctor', evidence=evidence)",导航/筛选/选择/展示；见回调,False
src/executive_health_ai/ui/pages/manager/workflow.py,consultations,553,button,'确认并创建全部事项',,,, ,"st.form_submit_button('提交本科意见', type='primary') | st.form_submit_button('保存行动草稿') | st.form_submit_button('提交会诊申请') | st.form_submit_button('确认综合结论并交健管') | st.form_submit_button('确认映射到现有用药档案') | service.confirm_actions(s, patient.id, case.id, actions=actions, actor=view.owner) | service.confirm_actions(s, patient.id, case.id, actions=case.action_drafts, actor=view.owner, confirm=True) | service.confirm_medication(s, patient.id, view.intake.id, index, actor=actor, role='doctor', evidence=evidence)",导航/筛选/选择/展示；见回调,False
src/executive_health_ai/ui/pages/manager/workflow.py,stage_metrics,573,selectbox,'阶段观察指标',,f'stage-metric-{phase.id}',list(options), ,"render_metric_trend(options[code], key=f'stage-trend-{phase.id}')",导航/筛选/选择/展示；见回调,True
src/executive_health_ai/ui/pages/member/experience.py,home,49,button,'返回首页',,f'intake-back-{patient.id}',, ,"st.session_state.get(f'member-intake-open-{patient.id}') | st.session_state.pop('ux-flash', None) | render_previews(patient.id, key=f'home-trends-{patient.id}', maximum=2, series=view.health.series, shared_action=True, open_trend=lambda: app.request_navigation(surface='成员健康中心', member_page='健康', member_id=patient.id, archive_view='健康数据')) | app.request_navigation(surface='成员健康中心', member_page='服务', member_id=patient.id) | st.session_state.pop(f'member-intake-open-{patient.id}', None) | app.request_navigation(surface='成员健康中心', member_page='计划', member_id=patient.id) | app._open_member_report_upload(patient.id) | app.request_navigation(surface='成员健康中心', member_page='健康', member_id=patient.id, archive_view='健康数据')",导航/筛选/选择/展示；见回调,False
src/executive_health_ai/ui/pages/member/experience.py,home,55,button,'继续填写',,f'intake-open-{patient.id}',, ,"st.session_state.get(f'member-intake-open-{patient.id}') | st.session_state.pop('ux-flash', None) | render_previews(patient.id, key=f'home-trends-{patient.id}', maximum=2, series=view.health.series, shared_action=True, open_trend=lambda: app.request_navigation(surface='成员健康中心', member_page='健康', member_id=patient.id, archive_view='健康数据')) | app.request_navigation(surface='成员健康中心', member_page='服务', member_id=patient.id) | st.session_state.pop(f'member-intake-open-{patient.id}', None) | app.request_navigation(surface='成员健康中心', member_page='计划', member_id=patient.id) | app._open_member_report_upload(patient.id) | app.request_navigation(surface='成员健康中心', member_page='健康', member_id=patient.id, archive_view='健康数据')",导航/筛选/选择/展示；见回调,False
src/executive_health_ai/ui/pages/member/experience.py,home,73,button,'去完成',,f'client-home-complete-{task.id}',, ,"st.session_state.get(f'member-intake-open-{patient.id}') | st.session_state.pop('ux-flash', None) | render_previews(patient.id, key=f'home-trends-{patient.id}', maximum=2, series=view.health.series, shared_action=True, open_trend=lambda: app.request_navigation(surface='成员健康中心', member_page='健康', member_id=patient.id, archive_view='健康数据')) | app.request_navigation(surface='成员健康中心', member_page='服务', member_id=patient.id) | st.session_state.pop(f'member-intake-open-{patient.id}', None) | app.request_navigation(surface='成员健康中心', member_page='计划', member_id=patient.id) | app._open_member_report_upload(patient.id) | app.request_navigation(surface='成员健康中心', member_page='健康', member_id=patient.id, archive_view='健康数据')",导航/筛选/选择/展示；见回调,False
src/executive_health_ai/ui/pages/member/experience.py,home,82,button,'去完成',,f'client-home-complete-{task.id}',, ,"st.session_state.get(f'member-intake-open-{patient.id}') | st.session_state.pop('ux-flash', None) | render_previews(patient.id, key=f'home-trends-{patient.id}', maximum=2, series=view.health.series, shared_action=True, open_trend=lambda: app.request_navigation(surface='成员健康中心', member_page='健康', member_id=patient.id, archive_view='健康数据')) | app.request_navigation(surface='成员健康中心', member_page='服务', member_id=patient.id) | st.session_state.pop(f'member-intake-open-{patient.id}', None) | app.request_navigation(surface='成员健康中心', member_page='计划', member_id=patient.id) | app._open_member_report_upload(patient.id) | app.request_navigation(surface='成员健康中心', member_page='健康', member_id=patient.id, archive_view='健康数据')",导航/筛选/选择/展示；见回调,False
src/executive_health_ai/ui/pages/member/experience.py,home,87,button,'上传体检报告',,f'client-home-report-empty-{patient.id}',, ,"st.session_state.get(f'member-intake-open-{patient.id}') | st.session_state.pop('ux-flash', None) | render_previews(patient.id, key=f'home-trends-{patient.id}', maximum=2, series=view.health.series, shared_action=True, open_trend=lambda: app.request_navigation(surface='成员健康中心', member_page='健康', member_id=patient.id, archive_view='健康数据')) | app.request_navigation(surface='成员健康中心', member_page='服务', member_id=patient.id) | st.session_state.pop(f'member-intake-open-{patient.id}', None) | app.request_navigation(surface='成员健康中心', member_page='计划', member_id=patient.id) | app._open_member_report_upload(patient.id) | app.request_navigation(surface='成员健康中心', member_page='健康', member_id=patient.id, archive_view='健康数据')",导航/筛选/选择/展示；见回调,False
src/executive_health_ai/ui/pages/member/experience.py,home,100,button,'查看健康计划',,f'client-home-plan-{patient.id}',, ,"st.session_state.get(f'member-intake-open-{patient.id}') | st.session_state.pop('ux-flash', None) | render_previews(patient.id, key=f'home-trends-{patient.id}', maximum=2, series=view.health.series, shared_action=True, open_trend=lambda: app.request_navigation(surface='成员健康中心', member_page='健康', member_id=patient.id, archive_view='健康数据')) | app.request_navigation(surface='成员健康中心', member_page='服务', member_id=patient.id) | st.session_state.pop(f'member-intake-open-{patient.id}', None) | app.request_navigation(surface='成员健康中心', member_page='计划', member_id=patient.id) | app._open_member_report_upload(patient.id) | app.request_navigation(surface='成员健康中心', member_page='健康', member_id=patient.id, archive_view='健康数据')",导航/筛选/选择/展示；见回调,False
src/executive_health_ai/ui/pages/member/experience.py,home,102,button,'上传体检报告',,f'client-home-report-{patient.id}',, ,"st.session_state.get(f'member-intake-open-{patient.id}') | st.session_state.pop('ux-flash', None) | render_previews(patient.id, key=f'home-trends-{patient.id}', maximum=2, series=view.health.series, shared_action=True, open_trend=lambda: app.request_navigation(surface='成员健康中心', member_page='健康', member_id=patient.id, archive_view='健康数据')) | app.request_navigation(surface='成员健康中心', member_page='服务', member_id=patient.id) | st.session_state.pop(f'member-intake-open-{patient.id}', None) | app.request_navigation(surface='成员健康中心', member_page='计划', member_id=patient.id) | app._open_member_report_upload(patient.id) | app.request_navigation(surface='成员健康中心', member_page='健康', member_id=patient.id, archive_view='健康数据')",导航/筛选/选择/展示；见回调,False
src/executive_health_ai/ui/pages/member/experience.py,home,108,button,'查看健康数据',,f'client-home-data-{patient.id}',, ,"st.session_state.get(f'member-intake-open-{patient.id}') | st.session_state.pop('ux-flash', None) | render_previews(patient.id, key=f'home-trends-{patient.id}', maximum=2, series=view.health.series, shared_action=True, open_trend=lambda: app.request_navigation(surface='成员健康中心', member_page='健康', member_id=patient.id, archive_view='健康数据')) | app.request_navigation(surface='成员健康中心', member_page='服务', member_id=patient.id) | st.session_state.pop(f'member-intake-open-{patient.id}', None) | app.request_navigation(surface='成员健康中心', member_page='计划', member_id=patient.id) | app._open_member_report_upload(patient.id) | app.request_navigation(surface='成员健康中心', member_page='健康', member_id=patient.id, archive_view='健康数据')",导航/筛选/选择/展示；见回调,False
src/executive_health_ai/ui/pages/member/experience.py,home,116,button,'查看服务安排',,f'client-home-service-{patient.id}',, ,"st.session_state.get(f'member-intake-open-{patient.id}') | st.session_state.pop('ux-flash', None) | render_previews(patient.id, key=f'home-trends-{patient.id}', maximum=2, series=view.health.series, shared_action=True, open_trend=lambda: app.request_navigation(surface='成员健康中心', member_page='健康', member_id=patient.id, archive_view='健康数据')) | app.request_navigation(surface='成员健康中心', member_page='服务', member_id=patient.id) | st.session_state.pop(f'member-intake-open-{patient.id}', None) | app.request_navigation(surface='成员健康中心', member_page='计划', member_id=patient.id) | app._open_member_report_upload(patient.id) | app.request_navigation(surface='成员健康中心', member_page='健康', member_id=patient.id, archive_view='健康数据')",导航/筛选/选择/展示；见回调,False
src/executive_health_ai/ui/pages/member/experience.py,overview,123,button,'返回健康概览',app._close_client_baseline,f'client-baseline-back-{patient.id}',,"(patient.id,) ","st.session_state.get(f'client-baseline-expanded-{patient.id}') | render_member_health_overview(app, patient, ctx, view, session_factory=SessionLocal) | app._render_member_baseline_center(patient)",导航/筛选/选择/展示；见回调,False
src/executive_health_ai/ui/pages/member/experience.py,plan,153,expander,'接受或调整当前方案',,,, ,st.session_state.get(f'ux-task-{patient.id}') | _complete(task) | session.commit(),包含提交动作，请结合分支核对,True
src/executive_health_ai/ui/pages/member/experience.py,plan,154,radio,'我的选择',,f'member-plan-choice-{patient.id}',"['接受方案', '希望调整', '暂缓', '和健康管理师讨论']", ,st.session_state.get(f'ux-task-{patient.id}') | _complete(task) | session.commit(),包含提交动作，请结合分支核对,True
src/executive_health_ai/ui/pages/member/experience.py,plan,155,button,'记录选择',,f'member-plan-choice-save-{patient.id}',, ,st.session_state.get(f'ux-task-{patient.id}') | _complete(task) | session.commit(),包含提交动作，请结合分支核对,False
src/executive_health_ai/ui/pages/member/experience.py,plan,166,radio,'任务分类',,f'client-plan-view-{patient.id}',"['待完成', '等待他人', '已完成']", ,st.session_state.get(f'ux-task-{patient.id}') | _complete(task) | session.commit(),包含提交动作，请结合分支核对,True
src/executive_health_ai/ui/pages/member/experience.py,plan,172,data_table,visible,,f'member-plan-tasks-{patient.id}',, ,st.session_state.get(f'ux-task-{patient.id}') | _complete(task) | session.commit(),包含提交动作，请结合分支核对,True
src/executive_health_ai/ui/pages/member/experience.py,plan,175,button,'确认完成',,f'ux-complete-{task.id}',, ,st.session_state.get(f'ux-task-{patient.id}') | _complete(task) | session.commit(),包含提交动作，请结合分支核对,False
src/executive_health_ai/ui/pages/member/experience.py,_timeline_content,225,expander,"f'更多重要事件 · {min(len(important), 20) - 6} 条'",,,, ,"render_event(event) | app.render_longitudinal_timeline(patient, key_scope='member-center-journey' if client_view else 'member-journey', client_view=client_view)",导航/筛选/选择/展示；见回调,True
src/executive_health_ai/ui/pages/member/experience.py,_timeline_content,230,expander,'查看完整历程与依据',,,, ,"render_event(event) | app.render_longitudinal_timeline(patient, key_scope='member-center-journey' if client_view else 'member-journey', client_view=client_view)",导航/筛选/选择/展示；见回调,True
src/executive_health_ai/ui/pages/member/health_overview.py,render_member_health_overview,109,popover,'查看依据',,,, ,"render_baseline_progress(health, key_prefix=key, layout='member_overview') | app.render_evidence_panel(payload, key_scope=f'{key}-evidence', client_view=True) | app.request_navigation(surface='成员健康中心', member_page='历程', member_id=patient.id) | _render_comparison_details(health, label='所有指标与当前对比') | app._render_client_medical_archive(patient) | app._open_client_baseline(patient.id) | app._open_member_report_upload(patient.id) | app.request_navigation(surface='成员健康中心', member_page='健康', member_id=patient.id, archive_view='健康数据')",导航/筛选/选择/展示；见回调,True
src/executive_health_ai/ui/pages/member/health_overview.py,render_member_health_overview,145,popover,f'持续关注事项 · {len(problems)}项',,,, ,"render_baseline_progress(health, key_prefix=key, layout='member_overview') | app.render_evidence_panel(payload, key_scope=f'{key}-evidence', client_view=True) | app.request_navigation(surface='成员健康中心', member_page='历程', member_id=patient.id) | _render_comparison_details(health, label='所有指标与当前对比') | app._render_client_medical_archive(patient) | app._open_client_baseline(patient.id) | app._open_member_report_upload(patient.id) | app.request_navigation(surface='成员健康中心', member_page='健康', member_id=patient.id, archive_view='健康数据')",导航/筛选/选择/展示；见回调,True
src/executive_health_ai/ui/pages/member/health_overview.py,render_member_health_overview,152,button,'查看历次记录',,f'{key}-history',, ,"render_baseline_progress(health, key_prefix=key, layout='member_overview') | app.render_evidence_panel(payload, key_scope=f'{key}-evidence', client_view=True) | app.request_navigation(surface='成员健康中心', member_page='历程', member_id=patient.id) | _render_comparison_details(health, label='所有指标与当前对比') | app._render_client_medical_archive(patient) | app._open_client_baseline(patient.id) | app._open_member_report_upload(patient.id) | app.request_navigation(surface='成员健康中心', member_page='健康', member_id=patient.id, archive_view='健康数据')",导航/筛选/选择/展示；见回调,False
src/executive_health_ai/ui/pages/member/health_overview.py,render_member_health_overview,176,button,'补充健康资料',,f'{key}-supplement',, ,"render_baseline_progress(health, key_prefix=key, layout='member_overview') | app.render_evidence_panel(payload, key_scope=f'{key}-evidence', client_view=True) | app.request_navigation(surface='成员健康中心', member_page='历程', member_id=patient.id) | _render_comparison_details(health, label='所有指标与当前对比') | app._render_client_medical_archive(patient) | app._open_client_baseline(patient.id) | app._open_member_report_upload(patient.id) | app.request_navigation(surface='成员健康中心', member_page='健康', member_id=patient.id, archive_view='健康数据')",导航/筛选/选择/展示；见回调,False
src/executive_health_ai/ui/pages/member/health_overview.py,render_member_health_overview,189,expander,'健康领域完整说明',,,, ,"render_baseline_progress(health, key_prefix=key, layout='member_overview') | app.render_evidence_panel(payload, key_scope=f'{key}-evidence', client_view=True) | app.request_navigation(surface='成员健康中心', member_page='历程', member_id=patient.id) | _render_comparison_details(health, label='所有指标与当前对比') | app._render_client_medical_archive(patient) | app._open_client_baseline(patient.id) | app._open_member_report_upload(patient.id) | app.request_navigation(surface='成员健康中心', member_page='健康', member_id=patient.id, archive_view='健康数据')",导航/筛选/选择/展示；见回调,True
src/executive_health_ai/ui/pages/member/health_overview.py,render_member_health_overview,194,expander,'年度基线完整资料',,,, ,"render_baseline_progress(health, key_prefix=key, layout='member_overview') | app.render_evidence_panel(payload, key_scope=f'{key}-evidence', client_view=True) | app.request_navigation(surface='成员健康中心', member_page='历程', member_id=patient.id) | _render_comparison_details(health, label='所有指标与当前对比') | app._render_client_medical_archive(patient) | app._open_client_baseline(patient.id) | app._open_member_report_upload(patient.id) | app.request_navigation(surface='成员健康中心', member_page='健康', member_id=patient.id, archive_view='健康数据')",导航/筛选/选择/展示；见回调,True
src/executive_health_ai/ui/pages/member/health_overview.py,render_member_health_overview,196,button,'查看年度健康基线',app._open_client_baseline,f'client-health-baseline-open-{baseline.id}',,"(patient.id,) ","render_baseline_progress(health, key_prefix=key, layout='member_overview') | app.render_evidence_panel(payload, key_scope=f'{key}-evidence', client_view=True) | app.request_navigation(surface='成员健康中心', member_page='历程', member_id=patient.id) | _render_comparison_details(health, label='所有指标与当前对比') | app._render_client_medical_archive(patient) | app._open_client_baseline(patient.id) | app._open_member_report_upload(patient.id) | app.request_navigation(surface='成员健康中心', member_page='健康', member_id=patient.id, archive_view='健康数据')",导航/筛选/选择/展示；见回调,False
src/executive_health_ai/ui/pages/member/health_overview.py,render_member_health_overview,197,expander,'重要健康背景 · 用药与既往史',,,, ,"render_baseline_progress(health, key_prefix=key, layout='member_overview') | app.render_evidence_panel(payload, key_scope=f'{key}-evidence', client_view=True) | app.request_navigation(surface='成员健康中心', member_page='历程', member_id=patient.id) | _render_comparison_details(health, label='所有指标与当前对比') | app._render_client_medical_archive(patient) | app._open_client_baseline(patient.id) | app._open_member_report_upload(patient.id) | app.request_navigation(surface='成员健康中心', member_page='健康', member_id=patient.id, archive_view='健康数据')",导航/筛选/选择/展示；见回调,True
src/executive_health_ai/ui/pages/member/health_overview.py,render_member_health_overview,199,expander,'体检报告与健康数据',,,, ,"render_baseline_progress(health, key_prefix=key, layout='member_overview') | app.render_evidence_panel(payload, key_scope=f'{key}-evidence', client_view=True) | app.request_navigation(surface='成员健康中心', member_page='历程', member_id=patient.id) | _render_comparison_details(health, label='所有指标与当前对比') | app._render_client_medical_archive(patient) | app._open_client_baseline(patient.id) | app._open_member_report_upload(patient.id) | app.request_navigation(surface='成员健康中心', member_page='健康', member_id=patient.id, archive_view='健康数据')",导航/筛选/选择/展示；见回调,True
src/executive_health_ai/ui/pages/member/health_overview.py,render_member_health_overview,200,button,'查看体检与检查',,f'{key}-reports',, ,"render_baseline_progress(health, key_prefix=key, layout='member_overview') | app.render_evidence_panel(payload, key_scope=f'{key}-evidence', client_view=True) | app.request_navigation(surface='成员健康中心', member_page='历程', member_id=patient.id) | _render_comparison_details(health, label='所有指标与当前对比') | app._render_client_medical_archive(patient) | app._open_client_baseline(patient.id) | app._open_member_report_upload(patient.id) | app.request_navigation(surface='成员健康中心', member_page='健康', member_id=patient.id, archive_view='健康数据')",导航/筛选/选择/展示；见回调,False
src/executive_health_ai/ui/pages/member/health_overview.py,render_member_health_overview,202,button,'查看当前健康变化',,f'{key}-data',, ,"render_baseline_progress(health, key_prefix=key, layout='member_overview') | app.render_evidence_panel(payload, key_scope=f'{key}-evidence', client_view=True) | app.request_navigation(surface='成员健康中心', member_page='历程', member_id=patient.id) | _render_comparison_details(health, label='所有指标与当前对比') | app._render_client_medical_archive(patient) | app._open_client_baseline(patient.id) | app._open_member_report_upload(patient.id) | app.request_navigation(surface='成员健康中心', member_page='健康', member_id=patient.id, archive_view='健康数据')",导航/筛选/选择/展示；见回调,False
src/executive_health_ai/ui/pages/shell.py,render_portfolio_landing,22,button,'进入成员健康中心',,'portfolio-enter-member',, ,request_navigation(surface='成员健康中心') | request_navigation(surface='运营后台'),导航/筛选/选择/展示；见回调,False
src/executive_health_ai/ui/pages/shell.py,render_portfolio_landing,26,button,'进入 HealthOps 运营后台',,'portfolio-enter-ops',, ,request_navigation(surface='成员健康中心') | request_navigation(surface='运营后台'),导航/筛选/选择/展示；见回调,False
src/executive_health_ai/ui/pages/shell.py,render_more_workspace_shell,64,button,'查看',,f'more-open-{title}',, ,"st.session_state.get('more-navigation') | st.session_state.pop('more-navigation', None) | render_risk_rules() | render_audit(audit_context(patient.id)) | render_integration_center() | render_ai_improvement()",导航/筛选/选择/展示；见回调,False
src/executive_health_ai/ui/pages/shell.py,render_more_workspace_shell,68,button,'← 返回更多',,'more-back',, ,"st.session_state.get('more-navigation') | st.session_state.pop('more-navigation', None) | render_risk_rules() | render_audit(audit_context(patient.id)) | render_integration_center() | render_ai_improvement()",导航/筛选/选择/展示；见回调,False
src/executive_health_ai/ui/pages/shell.py,render_more_workspace_shell,76,selectbox,'选择成员',,'audit-member',members, ,"st.session_state.get('more-navigation') | st.session_state.pop('more-navigation', None) | render_risk_rules() | render_audit(audit_context(patient.id)) | render_integration_center() | render_ai_improvement()",导航/筛选/选择/展示；见回调,True
src/executive_health_ai/ui/pages/shell.py,render_more_workspace_shell,80,expander,'AI 质量治理（高级）',,,, ,"st.session_state.get('more-navigation') | st.session_state.pop('more-navigation', None) | render_risk_rules() | render_audit(audit_context(patient.id)) | render_integration_center() | render_ai_improvement()",导航/筛选/选择/展示；见回调,True
src/executive_health_ai/ui/pages/support_navigation.py,render_support_directory,7,button,'返回今日工作',,'support-return-work',, ,"st.session_state.pop('more-navigation', None) | app.request_navigation(surface='运营后台', ops_page='今日') | app.request_navigation(surface='系统管理') | app.render_knowledge_library_entry()",导航/筛选/选择/展示；见回调,False
src/executive_health_ai/ui/pages/support_navigation.py,render_support_directory,14,button,'进入系统',,'more-open-系统',, ,"st.session_state.pop('more-navigation', None) | app.request_navigation(surface='运营后台', ops_page='今日') | app.request_navigation(surface='系统管理') | app.render_knowledge_library_entry()",导航/筛选/选择/展示；见回调,False
src/executive_health_ai/ui/pages/support_navigation.py,render_support_directory,24,button,'打开',,'more-open-' + label,, ,"st.session_state.pop('more-navigation', None) | app.request_navigation(surface='运营后台', ops_page='今日') | app.request_navigation(surface='系统管理') | app.render_knowledge_library_entry()",导航/筛选/选择/展示；见回调,False
src/executive_health_ai/ui/pages/support_navigation.py,render_support_directory,27,expander,'专业资料',,,, ,"st.session_state.pop('more-navigation', None) | app.request_navigation(surface='运营后台', ops_page='今日') | app.request_navigation(surface='系统管理') | app.render_knowledge_library_entry()",导航/筛选/选择/展示；见回调,True
src/executive_health_ai/ui/presentation.py,data_table,76,dataframe,styled,'rerun',,, ,"st.session_state.get(key + '-epoch', 0)",导航/筛选/选择/展示；见回调,True
src/executive_health_ai/ui/presentation.py,data_table,86,download_button,'导出筛选记录（完整内容）',,grid_key + '-export',, ,"st.session_state.get(key + '-epoch', 0)",导航/筛选/选择/展示；见回调,False
src/executive_health_ai/ui/presentation.py,task_detail,122,expander,'为什么要处理 · 来源与完整说明',,,, ,,导航/筛选/选择/展示；见回调,True
src/executive_health_ai/ui/presentation.py,tasks,132,radio,'事项状态',,'management-task-status',"['未完成', '全部', '已完成']", ,,导航/筛选/选择/展示；见回调,True
src/executive_health_ai/ui/presentation.py,tasks,135,data_table,rows,,'management-tasks',, ,,导航/筛选/选择/展示；见回调,True
src/executive_health_ai/ui/presentation.py,task_action,144,button,'标记完成',,f'complete-{task.id}',, ,"app.TaskTransitionService().complete(session, task.id, actor=task.assignee or '健康管理师', outcome='已在健康运营工作台记录任务完成。') | session.commit()",包含提交动作，请结合分支核对,False
src/executive_health_ai/ui/presentation.py,outcome_table,174,data_table,outcomes,,key,, ,,导航/筛选/选择/展示；见回调,True
src/executive_health_ai/ui/presentation.py,outcome_table,176,expander,'结果依据与结论',,,, ,,导航/筛选/选择/展示；见回调,True
streamlit_app.py,_render_admin_automation,337,data_table,goals,,'admin-goals',, ,session.commit(),包含提交动作，请结合分支核对,True
streamlit_app.py,_render_admin_automation,341,button,'人工接手',,f'agent-pause-{selected.id}',, ,session.commit(),包含提交动作，请结合分支核对,False
streamlit_app.py,_render_admin_automation,346,button,'恢复自动跟进',,f'agent-resume-{selected.id}',, ,session.commit(),包含提交动作，请结合分支核对,False
streamlit_app.py,_render_admin_automation,351,button,'取消目标',,f'agent-cancel-{selected.id}',, ,session.commit(),包含提交动作，请结合分支核对,False
streamlit_app.py,_render_admin_automation,356,expander,'全部目标明细',,,, ,session.commit(),包含提交动作，请结合分支核对,True
streamlit_app.py,_render_admin_automation,365,expander,'高级信息',,,, ,session.commit(),包含提交动作，请结合分支核对,True
streamlit_app.py,_render_sidebar_navigation,394,radio,'工作区',manager_pages.reset_today_selection,'ops-navigation',"['今日', '成员', '年度管理', '医疗协同', '服务运营']", ,st.session_state.get('ops-navigation'),导航/筛选/选择/展示；见回调,True
streamlit_app.py,_render_surface_switcher,405,popover,'切换演示角色',,,, ,"st.session_state.get('surface-mode', '运营后台')",导航/筛选/选择/展示；见回调,True
streamlit_app.py,_render_surface_switcher,409,radio,'当前视图',,'surface-mode',list(labels), ,"st.session_state.get('surface-mode', '运营后台')",导航/筛选/选择/展示；见回调,True
streamlit_app.py,_render_member_center_navigation,420,radio,'成员健康中心导航',"lambda: st.session_state.pop('member-profile-open', None)",'member-center-navigation',"['首页', '健康', '计划', '服务', '历程']", ,"st.session_state.get('member-profile-open') | st.session_state.pop('member-profile-open', None)",导航/筛选/选择/展示；见回调,True
streamlit_app.py,primary_action,517,button,label,on_click,key,,args ,,导航/筛选/选择/展示；见回调,False
streamlit_app.py,secondary_action,521,button,label,on_click,key,,args ,,导航/筛选/选择/展示；见回调,False
streamlit_app.py,work_item_card,551,primary_action,'处理',on_click,key,,args ,,导航/筛选/选择/展示；见回调,False
streamlit_app.py,member_card,565,primary_action,'查看成员',on_click,key,,args ,,导航/筛选/选择/展示；见回调,False
streamlit_app.py,_render_snapshot_item_evidence,781,expander,'逐项查看依据',,,, ,"_render_candidate_evidence_by_id(session, patient_id, item.get('source_candidate_id'), key_scope=f'{key_scope}-{index}', client_view=client_view)",导航/筛选/选择/展示；见回调,True
streamlit_app.py,_render_metric_evidence,804,expander,'查看该指标依据',,,, ,"_render_candidate_evidence_by_id(session, patient_id, candidate_id, key_scope=key_scope, client_view=client_view)",导航/筛选/选择/展示；见回调,True
streamlit_app.py,render_evidence_panel,909,download_button,'查看完整文件',,f'evidence-file-{key_scope}',, ,,导航/筛选/选择/展示；见回调,False
streamlit_app.py,render_evidence_panel,963,expander,'高级信息',,,, ,,导航/筛选/选择/展示；见回调,True
streamlit_app.py,evidence_action,973,button,'查看依据',,f'evidence-action-{key_scope}',, ,"st.session_state.get(open_key) | render_evidence_panel(evidence, key_scope=key_scope, client_view=client_view)",导航/筛选/选择/展示；见回调,False
streamlit_app.py,_render_related_knowledge,997,expander,'相关医学参考',,,, ,st.session_state.get(state_key),导航/筛选/选择/展示；见回调,True
streamlit_app.py,_render_related_knowledge,1009,link_button,'查看官方来源',,f'{state_key}-source-{hit.chunk.id}',, ,st.session_state.get(state_key),导航/筛选/选择/展示；见回调,True
streamlit_app.py,_render_current_risk_actions,1208,link_button,'使用设备拨打120',,,, ,"_open_risk_events(patient.id) | _render_evidence_action(_risk_evidence_payload(session, patient.id, event.id), key_scope=f'risk-red-{event.id}') | render_yellow_risk_operations(patient, event) | session.commit() | st.form_submit_button('记录结果并关闭风险事项')",包含提交动作，请结合分支核对,True
streamlit_app.py,_render_current_risk_actions,1209,button,'记录已开始紧急处置',,f'emergency-action-{event.id}',, ,"_open_risk_events(patient.id) | _render_evidence_action(_risk_evidence_payload(session, patient.id, event.id), key_scope=f'risk-red-{event.id}') | render_yellow_risk_operations(patient, event) | session.commit() | st.form_submit_button('记录结果并关闭风险事项')",包含提交动作，请结合分支核对,False
streamlit_app.py,_render_current_risk_actions,1221,form_submit_button,'记录结果并关闭风险事项',,,, ,"_open_risk_events(patient.id) | _render_evidence_action(_risk_evidence_payload(session, patient.id, event.id), key_scope=f'risk-red-{event.id}') | render_yellow_risk_operations(patient, event) | session.commit() | st.form_submit_button('记录结果并关闭风险事项')",包含提交动作，请结合分支核对,False
streamlit_app.py,render_yellow_risk_operations,1244,radio,'处理方式',,f'yellow-action-{event.id}',"['继续观察', '记录联系成员', '数据有误', '调整健康管理', '请医生复核']", ,"_render_evidence_action(_risk_evidence_payload(session, patient.id, event.id), key_scope=f'risk-yellow-{event.id}') | st.form_submit_button('保存并创建复核任务', type='primary') | st.form_submit_button('完成本次跟进') | st.form_submit_button('完成跟进后关闭事件') | st.form_submit_button('保存人工联系记录', type='primary') | st.form_submit_button('记录数据问题并关闭事件', type='primary') | session.commit() | st.form_submit_button('创建健康管理任务', type='primary') | st.form_submit_button('提交医生复核', type='primary') | operations.complete_monitoring_task(session, event.id, '健康管理师', outcome)",包含提交动作，请结合分支核对,True
streamlit_app.py,render_yellow_risk_operations,1250,form_submit_button,'保存并创建复核任务',,,, ,"_render_evidence_action(_risk_evidence_payload(session, patient.id, event.id), key_scope=f'risk-yellow-{event.id}') | st.form_submit_button('保存并创建复核任务', type='primary') | st.form_submit_button('完成本次跟进') | st.form_submit_button('完成跟进后关闭事件') | st.form_submit_button('保存人工联系记录', type='primary') | st.form_submit_button('记录数据问题并关闭事件', type='primary') | session.commit() | st.form_submit_button('创建健康管理任务', type='primary') | st.form_submit_button('提交医生复核', type='primary') | operations.complete_monitoring_task(session, event.id, '健康管理师', outcome)",包含提交动作，请结合分支核对,False
streamlit_app.py,render_yellow_risk_operations,1252,selectbox,'联系方式',,f'yellow-contact-method-{event.id}',"['电话', '微信', '当面', '其他']", ,"_render_evidence_action(_risk_evidence_payload(session, patient.id, event.id), key_scope=f'risk-yellow-{event.id}') | st.form_submit_button('保存并创建复核任务', type='primary') | st.form_submit_button('完成本次跟进') | st.form_submit_button('完成跟进后关闭事件') | st.form_submit_button('保存人工联系记录', type='primary') | st.form_submit_button('记录数据问题并关闭事件', type='primary') | session.commit() | st.form_submit_button('创建健康管理任务', type='primary') | st.form_submit_button('提交医生复核', type='primary') | operations.complete_monitoring_task(session, event.id, '健康管理师', outcome)",包含提交动作，请结合分支核对,True
streamlit_app.py,render_yellow_risk_operations,1253,selectbox,'联系结果',,f'yellow-contact-result-{event.id}',"['已联系', '未接通', '待回访']", ,"_render_evidence_action(_risk_evidence_payload(session, patient.id, event.id), key_scope=f'risk-yellow-{event.id}') | st.form_submit_button('保存并创建复核任务', type='primary') | st.form_submit_button('完成本次跟进') | st.form_submit_button('完成跟进后关闭事件') | st.form_submit_button('保存人工联系记录', type='primary') | st.form_submit_button('记录数据问题并关闭事件', type='primary') | session.commit() | st.form_submit_button('创建健康管理任务', type='primary') | st.form_submit_button('提交医生复核', type='primary') | operations.complete_monitoring_task(session, event.id, '健康管理师', outcome)",包含提交动作，请结合分支核对,True
streamlit_app.py,render_yellow_risk_operations,1256,form_submit_button,'保存人工联系记录',,,, ,"_render_evidence_action(_risk_evidence_payload(session, patient.id, event.id), key_scope=f'risk-yellow-{event.id}') | st.form_submit_button('保存并创建复核任务', type='primary') | st.form_submit_button('完成本次跟进') | st.form_submit_button('完成跟进后关闭事件') | st.form_submit_button('保存人工联系记录', type='primary') | st.form_submit_button('记录数据问题并关闭事件', type='primary') | session.commit() | st.form_submit_button('创建健康管理任务', type='primary') | st.form_submit_button('提交医生复核', type='primary') | operations.complete_monitoring_task(session, event.id, '健康管理师', outcome)",包含提交动作，请结合分支核对,False
streamlit_app.py,render_yellow_risk_operations,1259,form_submit_button,'记录数据问题并关闭事件',,,, ,"_render_evidence_action(_risk_evidence_payload(session, patient.id, event.id), key_scope=f'risk-yellow-{event.id}') | st.form_submit_button('保存并创建复核任务', type='primary') | st.form_submit_button('完成本次跟进') | st.form_submit_button('完成跟进后关闭事件') | st.form_submit_button('保存人工联系记录', type='primary') | st.form_submit_button('记录数据问题并关闭事件', type='primary') | session.commit() | st.form_submit_button('创建健康管理任务', type='primary') | st.form_submit_button('提交医生复核', type='primary') | operations.complete_monitoring_task(session, event.id, '健康管理师', outcome)",包含提交动作，请结合分支核对,False
streamlit_app.py,render_yellow_risk_operations,1264,form_submit_button,'创建健康管理任务',,,, ,"_render_evidence_action(_risk_evidence_payload(session, patient.id, event.id), key_scope=f'risk-yellow-{event.id}') | st.form_submit_button('保存并创建复核任务', type='primary') | st.form_submit_button('完成本次跟进') | st.form_submit_button('完成跟进后关闭事件') | st.form_submit_button('保存人工联系记录', type='primary') | st.form_submit_button('记录数据问题并关闭事件', type='primary') | session.commit() | st.form_submit_button('创建健康管理任务', type='primary') | st.form_submit_button('提交医生复核', type='primary') | operations.complete_monitoring_task(session, event.id, '健康管理师', outcome)",包含提交动作，请结合分支核对,False
streamlit_app.py,render_yellow_risk_operations,1267,selectbox,'建议科室',,f'yellow-doctor-department-{event.id}',"['全科/健康管理', '心内科', '内分泌科', '其他']", ,"_render_evidence_action(_risk_evidence_payload(session, patient.id, event.id), key_scope=f'risk-yellow-{event.id}') | st.form_submit_button('保存并创建复核任务', type='primary') | st.form_submit_button('完成本次跟进') | st.form_submit_button('完成跟进后关闭事件') | st.form_submit_button('保存人工联系记录', type='primary') | st.form_submit_button('记录数据问题并关闭事件', type='primary') | session.commit() | st.form_submit_button('创建健康管理任务', type='primary') | st.form_submit_button('提交医生复核', type='primary') | operations.complete_monitoring_task(session, event.id, '健康管理师', outcome)",包含提交动作，请结合分支核对,True
streamlit_app.py,render_yellow_risk_operations,1268,form_submit_button,'提交医生复核',,,, ,"_render_evidence_action(_risk_evidence_payload(session, patient.id, event.id), key_scope=f'risk-yellow-{event.id}') | st.form_submit_button('保存并创建复核任务', type='primary') | st.form_submit_button('完成本次跟进') | st.form_submit_button('完成跟进后关闭事件') | st.form_submit_button('保存人工联系记录', type='primary') | st.form_submit_button('记录数据问题并关闭事件', type='primary') | session.commit() | st.form_submit_button('创建健康管理任务', type='primary') | st.form_submit_button('提交医生复核', type='primary') | operations.complete_monitoring_task(session, event.id, '健康管理师', outcome)",包含提交动作，请结合分支核对,False
streamlit_app.py,render_yellow_risk_operations,1291,form_submit_button,'完成本次跟进',,,, ,"_render_evidence_action(_risk_evidence_payload(session, patient.id, event.id), key_scope=f'risk-yellow-{event.id}') | st.form_submit_button('保存并创建复核任务', type='primary') | st.form_submit_button('完成本次跟进') | st.form_submit_button('完成跟进后关闭事件') | st.form_submit_button('保存人工联系记录', type='primary') | st.form_submit_button('记录数据问题并关闭事件', type='primary') | session.commit() | st.form_submit_button('创建健康管理任务', type='primary') | st.form_submit_button('提交医生复核', type='primary') | operations.complete_monitoring_task(session, event.id, '健康管理师', outcome)",包含提交动作，请结合分支核对,False
streamlit_app.py,render_yellow_risk_operations,1307,form_submit_button,'完成跟进后关闭事件',,,, ,"_render_evidence_action(_risk_evidence_payload(session, patient.id, event.id), key_scope=f'risk-yellow-{event.id}') | st.form_submit_button('保存并创建复核任务', type='primary') | st.form_submit_button('完成本次跟进') | st.form_submit_button('完成跟进后关闭事件') | st.form_submit_button('保存人工联系记录', type='primary') | st.form_submit_button('记录数据问题并关闭事件', type='primary') | session.commit() | st.form_submit_button('创建健康管理任务', type='primary') | st.form_submit_button('提交医生复核', type='primary') | operations.complete_monitoring_task(session, event.id, '健康管理师', outcome)",包含提交动作，请结合分支核对,False
streamlit_app.py,_render_member_header,1612,button,'处理',_open_baseline,f'member-baseline-draft-{patient.id}',,"(patient.id,) ",,导航/筛选/选择/展示；见回调,False
streamlit_app.py,_render_problem_card,1680,expander,'记录随访并关闭健康问题',,,, ,"st.form_submit_button('保存随访并关闭') | complete_follow_up(session, stored, reviewer.strip(), outcome.strip(), task) | session.commit()",包含提交动作，请结合分支核对,True
streamlit_app.py,_render_problem_card,1685,selectbox,'关联执行任务',,f'followup-task-{problem.id}',list(task_options), ,"st.form_submit_button('保存随访并关闭') | complete_follow_up(session, stored, reviewer.strip(), outcome.strip(), task) | session.commit()",包含提交动作，请结合分支核对,True
streamlit_app.py,_render_problem_card,1686,form_submit_button,'保存随访并关闭',,,, ,"st.form_submit_button('保存随访并关闭') | complete_follow_up(session, stored, reviewer.strip(), outcome.strip(), task) | session.commit()",包含提交动作，请结合分支核对,False
streamlit_app.py,_render_create_task,1710,expander,'创建执行任务',,,, ,st.form_submit_button('创建任务') | session.commit(),包含提交动作，请结合分支核对,True
streamlit_app.py,_render_create_task,1714,selectbox,'优先级',,,"['HIGH', 'MEDIUM', 'LOW']", ,st.form_submit_button('创建任务') | session.commit(),包含提交动作，请结合分支核对,True
streamlit_app.py,_render_create_task,1717,form_submit_button,'创建任务',,,, ,st.form_submit_button('创建任务') | session.commit(),包含提交动作，请结合分支核对,False
streamlit_app.py,_render_alert_card,1747,radio,'核实结果',,f'disposition-{alert.id}',"['确认数据有效，升级医生', '确认数据无效，关闭误报']", ,"_render_create_task(patient, alert=alert) | st.form_submit_button('保存人工核实') | session.commit() | confirm_alert_as_manager(session, stored, reviewer.strip(), note.strip(), choices[link_label])",包含提交动作，请结合分支核对,True
streamlit_app.py,_render_alert_card,1749,selectbox,'健康问题处理',,f'link-{alert.id}',list(choices), ,"_render_create_task(patient, alert=alert) | st.form_submit_button('保存人工核实') | session.commit() | confirm_alert_as_manager(session, stored, reviewer.strip(), note.strip(), choices[link_label])",包含提交动作，请结合分支核对,True
streamlit_app.py,_render_alert_card,1750,form_submit_button,'保存人工核实',,,, ,"_render_create_task(patient, alert=alert) | st.form_submit_button('保存人工核实') | session.commit() | confirm_alert_as_manager(session, stored, reviewer.strip(), note.strip(), choices[link_label])",包含提交动作，请结合分支核对,False
streamlit_app.py,_render_legacy_doctor_reviews,1849,form_submit_button,'完成医学资料复核',,,, ,"_render_related_knowledge(review.question_for_doctor or review.doctor_brief, key_scope=f'doctor-review-{review.id}') | _render_related_knowledge(review.question_for_doctor or review.doctor_brief, key_scope=f'doctor-outcome-{review.id}') | _render_evidence_action({'source_name': '医生复核提交资料', 'location': '健康管理师提交记录', 'evidence_type': 'TEXT', 'raw_evidence': alert.finding, 'structured_interpretation': '提交医生复核的问题与相关健康资料。', 'confirmation_status': _label(alert.status), 'evidence_status': 'PARTIAL', 'show_no_knowledge': True}, key_scope=f'doctor-alert-{alert.id}') | _render_snapshot_item_evidence(patient.id, metrics, key_scope=f'doctor-baseline-metrics-{baseline_medical_review.id}') | _render_snapshot_item_evidence(patient.id, findings, key_scope=f'doctor-baseline-findings-{baseline_medical_review.id}') | st.form_submit_button('完成医学资料复核') | _render_snapshot_item_evidence(patient.id, metrics, key_scope=f'doctor-confirmed-baseline-metrics-{confirmed_baseline.id}') | _render_evidence_action(_baseline_evidence_payload(evidence_session, patient.id, confirmed_baseline), key_scope=f'doctor-confirmed-baseline-{confirmed_baseline.id}') | _render_evidence_action(_risk_evidence_payload(session, patient.id, review.risk_event_id), key_scope=f'doctor-risk-{review.id}') | st.form_submit_button('保存医生复核并创建跟进任务') | st.form_submit_button('确认医生复核并创建管理方案与任务') | session.commit() | care_commands.complete_review(session, session.get(DoctorReview, review.id), doctor, department, opinion, instruction, datetime.combine(due, time(9, 0), tzinfo=TOKYO_TIMEZONE))",包含提交动作，请结合分支核对,False
streamlit_app.py,_render_legacy_doctor_reviews,1859,expander,f'{confirmed_baseline.cycle_year or confirmed_baseline.assessed_at.year}年度健康基线医学摘要',,,, ,"_render_related_knowledge(review.question_for_doctor or review.doctor_brief, key_scope=f'doctor-review-{review.id}') | _render_related_knowledge(review.question_for_doctor or review.doctor_brief, key_scope=f'doctor-outcome-{review.id}') | _render_evidence_action({'source_name': '医生复核提交资料', 'location': '健康管理师提交记录', 'evidence_type': 'TEXT', 'raw_evidence': alert.finding, 'structured_interpretation': '提交医生复核的问题与相关健康资料。', 'confirmation_status': _label(alert.status), 'evidence_status': 'PARTIAL', 'show_no_knowledge': True}, key_scope=f'doctor-alert-{alert.id}') | _render_snapshot_item_evidence(patient.id, metrics, key_scope=f'doctor-baseline-metrics-{baseline_medical_review.id}') | _render_snapshot_item_evidence(patient.id, findings, key_scope=f'doctor-baseline-findings-{baseline_medical_review.id}') | st.form_submit_button('完成医学资料复核') | _render_snapshot_item_evidence(patient.id, metrics, key_scope=f'doctor-confirmed-baseline-metrics-{confirmed_baseline.id}') | _render_evidence_action(_baseline_evidence_payload(evidence_session, patient.id, confirmed_baseline), key_scope=f'doctor-confirmed-baseline-{confirmed_baseline.id}') | _render_evidence_action(_risk_evidence_payload(session, patient.id, review.risk_event_id), key_scope=f'doctor-risk-{review.id}') | st.form_submit_button('保存医生复核并创建跟进任务') | st.form_submit_button('确认医生复核并创建管理方案与任务') | session.commit() | care_commands.complete_review(session, session.get(DoctorReview, review.id), doctor, department, opinion, instruction, datetime.combine(due, time(9, 0), tzinfo=TOKYO_TIMEZONE))",包含提交动作，请结合分支核对,True
streamlit_app.py,_render_legacy_doctor_reviews,1908,form_submit_button,'保存医生复核并创建跟进任务',,,, ,"_render_related_knowledge(review.question_for_doctor or review.doctor_brief, key_scope=f'doctor-review-{review.id}') | _render_related_knowledge(review.question_for_doctor or review.doctor_brief, key_scope=f'doctor-outcome-{review.id}') | _render_evidence_action({'source_name': '医生复核提交资料', 'location': '健康管理师提交记录', 'evidence_type': 'TEXT', 'raw_evidence': alert.finding, 'structured_interpretation': '提交医生复核的问题与相关健康资料。', 'confirmation_status': _label(alert.status), 'evidence_status': 'PARTIAL', 'show_no_knowledge': True}, key_scope=f'doctor-alert-{alert.id}') | _render_snapshot_item_evidence(patient.id, metrics, key_scope=f'doctor-baseline-metrics-{baseline_medical_review.id}') | _render_snapshot_item_evidence(patient.id, findings, key_scope=f'doctor-baseline-findings-{baseline_medical_review.id}') | st.form_submit_button('完成医学资料复核') | _render_snapshot_item_evidence(patient.id, metrics, key_scope=f'doctor-confirmed-baseline-metrics-{confirmed_baseline.id}') | _render_evidence_action(_baseline_evidence_payload(evidence_session, patient.id, confirmed_baseline), key_scope=f'doctor-confirmed-baseline-{confirmed_baseline.id}') | _render_evidence_action(_risk_evidence_payload(session, patient.id, review.risk_event_id), key_scope=f'doctor-risk-{review.id}') | st.form_submit_button('保存医生复核并创建跟进任务') | st.form_submit_button('确认医生复核并创建管理方案与任务') | session.commit() | care_commands.complete_review(session, session.get(DoctorReview, review.id), doctor, department, opinion, instruction, datetime.combine(due, time(9, 0), tzinfo=TOKYO_TIMEZONE))",包含提交动作，请结合分支核对,False
streamlit_app.py,_render_legacy_doctor_reviews,1934,form_submit_button,'保存医生复核并创建跟进任务',,,, ,"_render_related_knowledge(review.question_for_doctor or review.doctor_brief, key_scope=f'doctor-review-{review.id}') | _render_related_knowledge(review.question_for_doctor or review.doctor_brief, key_scope=f'doctor-outcome-{review.id}') | _render_evidence_action({'source_name': '医生复核提交资料', 'location': '健康管理师提交记录', 'evidence_type': 'TEXT', 'raw_evidence': alert.finding, 'structured_interpretation': '提交医生复核的问题与相关健康资料。', 'confirmation_status': _label(alert.status), 'evidence_status': 'PARTIAL', 'show_no_knowledge': True}, key_scope=f'doctor-alert-{alert.id}') | _render_snapshot_item_evidence(patient.id, metrics, key_scope=f'doctor-baseline-metrics-{baseline_medical_review.id}') | _render_snapshot_item_evidence(patient.id, findings, key_scope=f'doctor-baseline-findings-{baseline_medical_review.id}') | st.form_submit_button('完成医学资料复核') | _render_snapshot_item_evidence(patient.id, metrics, key_scope=f'doctor-confirmed-baseline-metrics-{confirmed_baseline.id}') | _render_evidence_action(_baseline_evidence_payload(evidence_session, patient.id, confirmed_baseline), key_scope=f'doctor-confirmed-baseline-{confirmed_baseline.id}') | _render_evidence_action(_risk_evidence_payload(session, patient.id, review.risk_event_id), key_scope=f'doctor-risk-{review.id}') | st.form_submit_button('保存医生复核并创建跟进任务') | st.form_submit_button('确认医生复核并创建管理方案与任务') | session.commit() | care_commands.complete_review(session, session.get(DoctorReview, review.id), doctor, department, opinion, instruction, datetime.combine(due, time(9, 0), tzinfo=TOKYO_TIMEZONE))",包含提交动作，请结合分支核对,False
streamlit_app.py,_render_legacy_doctor_reviews,1968,selectbox,'科室',,f'department-{alert.id}',"['心内科', '内分泌科', '睡眠相关咨询', '全科/健康管理']", ,"_render_related_knowledge(review.question_for_doctor or review.doctor_brief, key_scope=f'doctor-review-{review.id}') | _render_related_knowledge(review.question_for_doctor or review.doctor_brief, key_scope=f'doctor-outcome-{review.id}') | _render_evidence_action({'source_name': '医生复核提交资料', 'location': '健康管理师提交记录', 'evidence_type': 'TEXT', 'raw_evidence': alert.finding, 'structured_interpretation': '提交医生复核的问题与相关健康资料。', 'confirmation_status': _label(alert.status), 'evidence_status': 'PARTIAL', 'show_no_knowledge': True}, key_scope=f'doctor-alert-{alert.id}') | _render_snapshot_item_evidence(patient.id, metrics, key_scope=f'doctor-baseline-metrics-{baseline_medical_review.id}') | _render_snapshot_item_evidence(patient.id, findings, key_scope=f'doctor-baseline-findings-{baseline_medical_review.id}') | st.form_submit_button('完成医学资料复核') | _render_snapshot_item_evidence(patient.id, metrics, key_scope=f'doctor-confirmed-baseline-metrics-{confirmed_baseline.id}') | _render_evidence_action(_baseline_evidence_payload(evidence_session, patient.id, confirmed_baseline), key_scope=f'doctor-confirmed-baseline-{confirmed_baseline.id}') | _render_evidence_action(_risk_evidence_payload(session, patient.id, review.risk_event_id), key_scope=f'doctor-risk-{review.id}') | st.form_submit_button('保存医生复核并创建跟进任务') | st.form_submit_button('确认医生复核并创建管理方案与任务') | session.commit() | care_commands.complete_review(session, session.get(DoctorReview, review.id), doctor, department, opinion, instruction, datetime.combine(due, time(9, 0), tzinfo=TOKYO_TIMEZONE))",包含提交动作，请结合分支核对,True
streamlit_app.py,_render_legacy_doctor_reviews,1972,form_submit_button,'确认医生复核并创建管理方案与任务',,,, ,"_render_related_knowledge(review.question_for_doctor or review.doctor_brief, key_scope=f'doctor-review-{review.id}') | _render_related_knowledge(review.question_for_doctor or review.doctor_brief, key_scope=f'doctor-outcome-{review.id}') | _render_evidence_action({'source_name': '医生复核提交资料', 'location': '健康管理师提交记录', 'evidence_type': 'TEXT', 'raw_evidence': alert.finding, 'structured_interpretation': '提交医生复核的问题与相关健康资料。', 'confirmation_status': _label(alert.status), 'evidence_status': 'PARTIAL', 'show_no_knowledge': True}, key_scope=f'doctor-alert-{alert.id}') | _render_snapshot_item_evidence(patient.id, metrics, key_scope=f'doctor-baseline-metrics-{baseline_medical_review.id}') | _render_snapshot_item_evidence(patient.id, findings, key_scope=f'doctor-baseline-findings-{baseline_medical_review.id}') | st.form_submit_button('完成医学资料复核') | _render_snapshot_item_evidence(patient.id, metrics, key_scope=f'doctor-confirmed-baseline-metrics-{confirmed_baseline.id}') | _render_evidence_action(_baseline_evidence_payload(evidence_session, patient.id, confirmed_baseline), key_scope=f'doctor-confirmed-baseline-{confirmed_baseline.id}') | _render_evidence_action(_risk_evidence_payload(session, patient.id, review.risk_event_id), key_scope=f'doctor-risk-{review.id}') | st.form_submit_button('保存医生复核并创建跟进任务') | st.form_submit_button('确认医生复核并创建管理方案与任务') | session.commit() | care_commands.complete_review(session, session.get(DoctorReview, review.id), doctor, department, opinion, instruction, datetime.combine(due, time(9, 0), tzinfo=TOKYO_TIMEZONE))",包含提交动作，请结合分支核对,False
streamlit_app.py,_render_legacy_doctor_reviews,1989,expander,'查看整理摘要与相关数据',,,, ,"_render_related_knowledge(review.question_for_doctor or review.doctor_brief, key_scope=f'doctor-review-{review.id}') | _render_related_knowledge(review.question_for_doctor or review.doctor_brief, key_scope=f'doctor-outcome-{review.id}') | _render_evidence_action({'source_name': '医生复核提交资料', 'location': '健康管理师提交记录', 'evidence_type': 'TEXT', 'raw_evidence': alert.finding, 'structured_interpretation': '提交医生复核的问题与相关健康资料。', 'confirmation_status': _label(alert.status), 'evidence_status': 'PARTIAL', 'show_no_knowledge': True}, key_scope=f'doctor-alert-{alert.id}') | _render_snapshot_item_evidence(patient.id, metrics, key_scope=f'doctor-baseline-metrics-{baseline_medical_review.id}') | _render_snapshot_item_evidence(patient.id, findings, key_scope=f'doctor-baseline-findings-{baseline_medical_review.id}') | st.form_submit_button('完成医学资料复核') | _render_snapshot_item_evidence(patient.id, metrics, key_scope=f'doctor-confirmed-baseline-metrics-{confirmed_baseline.id}') | _render_evidence_action(_baseline_evidence_payload(evidence_session, patient.id, confirmed_baseline), key_scope=f'doctor-confirmed-baseline-{confirmed_baseline.id}') | _render_evidence_action(_risk_evidence_payload(session, patient.id, review.risk_event_id), key_scope=f'doctor-risk-{review.id}') | st.form_submit_button('保存医生复核并创建跟进任务') | st.form_submit_button('确认医生复核并创建管理方案与任务') | session.commit() | care_commands.complete_review(session, session.get(DoctorReview, review.id), doctor, department, opinion, instruction, datetime.combine(due, time(9, 0), tzinfo=TOKYO_TIMEZONE))",包含提交动作，请结合分支核对,True
streamlit_app.py,_render_legacy_doctor_reviews,2010,expander,f'{_fmt_dt(review.reviewed_at)} · {review.department} · {review.doctor_name}',,,, ,"_render_related_knowledge(review.question_for_doctor or review.doctor_brief, key_scope=f'doctor-review-{review.id}') | _render_related_knowledge(review.question_for_doctor or review.doctor_brief, key_scope=f'doctor-outcome-{review.id}') | _render_evidence_action({'source_name': '医生复核提交资料', 'location': '健康管理师提交记录', 'evidence_type': 'TEXT', 'raw_evidence': alert.finding, 'structured_interpretation': '提交医生复核的问题与相关健康资料。', 'confirmation_status': _label(alert.status), 'evidence_status': 'PARTIAL', 'show_no_knowledge': True}, key_scope=f'doctor-alert-{alert.id}') | _render_snapshot_item_evidence(patient.id, metrics, key_scope=f'doctor-baseline-metrics-{baseline_medical_review.id}') | _render_snapshot_item_evidence(patient.id, findings, key_scope=f'doctor-baseline-findings-{baseline_medical_review.id}') | st.form_submit_button('完成医学资料复核') | _render_snapshot_item_evidence(patient.id, metrics, key_scope=f'doctor-confirmed-baseline-metrics-{confirmed_baseline.id}') | _render_evidence_action(_baseline_evidence_payload(evidence_session, patient.id, confirmed_baseline), key_scope=f'doctor-confirmed-baseline-{confirmed_baseline.id}') | _render_evidence_action(_risk_evidence_payload(session, patient.id, review.risk_event_id), key_scope=f'doctor-risk-{review.id}') | st.form_submit_button('保存医生复核并创建跟进任务') | st.form_submit_button('确认医生复核并创建管理方案与任务') | session.commit() | care_commands.complete_review(session, session.get(DoctorReview, review.id), doctor, department, opinion, instruction, datetime.combine(due, time(9, 0), tzinfo=TOKYO_TIMEZONE))",包含提交动作，请结合分支核对,True
streamlit_app.py,_render_legacy_doctor_reviews,2015,expander,'查看当时整理摘要',,,, ,"_render_related_knowledge(review.question_for_doctor or review.doctor_brief, key_scope=f'doctor-review-{review.id}') | _render_related_knowledge(review.question_for_doctor or review.doctor_brief, key_scope=f'doctor-outcome-{review.id}') | _render_evidence_action({'source_name': '医生复核提交资料', 'location': '健康管理师提交记录', 'evidence_type': 'TEXT', 'raw_evidence': alert.finding, 'structured_interpretation': '提交医生复核的问题与相关健康资料。', 'confirmation_status': _label(alert.status), 'evidence_status': 'PARTIAL', 'show_no_knowledge': True}, key_scope=f'doctor-alert-{alert.id}') | _render_snapshot_item_evidence(patient.id, metrics, key_scope=f'doctor-baseline-metrics-{baseline_medical_review.id}') | _render_snapshot_item_evidence(patient.id, findings, key_scope=f'doctor-baseline-findings-{baseline_medical_review.id}') | st.form_submit_button('完成医学资料复核') | _render_snapshot_item_evidence(patient.id, metrics, key_scope=f'doctor-confirmed-baseline-metrics-{confirmed_baseline.id}') | _render_evidence_action(_baseline_evidence_payload(evidence_session, patient.id, confirmed_baseline), key_scope=f'doctor-confirmed-baseline-{confirmed_baseline.id}') | _render_evidence_action(_risk_evidence_payload(session, patient.id, review.risk_event_id), key_scope=f'doctor-risk-{review.id}') | st.form_submit_button('保存医生复核并创建跟进任务') | st.form_submit_button('确认医生复核并创建管理方案与任务') | session.commit() | care_commands.complete_review(session, session.get(DoctorReview, review.id), doctor, department, opinion, instruction, datetime.combine(due, time(9, 0), tzinfo=TOKYO_TIMEZONE))",包含提交动作，请结合分支核对,True
streamlit_app.py,render_observations,2038,multiselect,'数据来源',,,source_options, ,,导航/筛选/选择/展示；见回调,False
streamlit_app.py,render_observations,2039,multiselect,'数据质量',,,quality_options, ,,导航/筛选/选择/展示；见回调,False
streamlit_app.py,render_observations,2050,expander,'查看详细记录',,,, ,,导航/筛选/选择/展示；见回调,True
streamlit_app.py,render_observations,2051,multiselect,'显示指标',,,sorted(frame['指标'].unique()), ,,导航/筛选/选择/展示；见回调,False
streamlit_app.py,_render_realtime_section,2170,button,'查看血糖详情',,f'cgm-detail-open-{patient_id}',, ,st.session_state.get(f'cgm-detail-visible-{patient_id}'),导航/筛选/选择/展示；见回调,False
streamlit_app.py,_render_realtime_section,2189,radio,'动态血糖时间',,f'cgm-window-{patient_id}',"['24小时', '7天', '14天']", ,st.session_state.get(f'cgm-detail-visible-{patient_id}'),导航/筛选/选择/展示；见回调,True
streamlit_app.py,_render_lifestyle_section,2243,button,'查看步数趋势',,f'steps-detail-open-{patient_id}',, ,"st.session_state.get(f'sleep-detail-visible-{patient_id}') | st.session_state.get(f'steps-detail-visible-{patient_id}') | _render_sleep_detail(detail_sessions, service, signal_by_metric.get('sleep_duration'))",导航/筛选/选择/展示；见回调,False
streamlit_app.py,_render_lifestyle_section,2255,button,'查看睡眠详情',,f'sleep-detail-open-{patient_id}',, ,"st.session_state.get(f'sleep-detail-visible-{patient_id}') | st.session_state.get(f'steps-detail-visible-{patient_id}') | _render_sleep_detail(detail_sessions, service, signal_by_metric.get('sleep_duration'))",导航/筛选/选择/展示；见回调,False
streamlit_app.py,_render_sleep_detail,2344,radio,'睡眠趋势时间',,f'sleep-range-{latest.patient_id}',"['7天', '30天', '3个月']", ,,导航/筛选/选择/展示；见回调,True
streamlit_app.py,_render_long_term_section,2369,radio,'长期趋势时间',,f'long-range-{patient_id}',"['24小时', '7天', '30天', '3个月', '1年', '全部']", ,,导航/筛选/选择/展示；见回调,True
streamlit_app.py,_render_long_term_section,2393,expander,'查看详细趋势',,,, ,,导航/筛选/选择/展示；见回调,True
streamlit_app.py,render_health_data,2416,button,'返回默认',,f'health-data-clear-window-{patient_id}',, ,"st.session_state.get(f'health-data-window-{patient_id}') | _render_long_term_section(patient_id, service, start_at=start_at, end_at=end_at) | _render_realtime_section(patient_id, service) | _render_lifestyle_section(patient_id, service) | st.session_state.pop(f'health-data-window-{patient_id}', None)",导航/筛选/选择/展示；见回调,False
streamlit_app.py,render_health_data,2506,expander,'查看全部健康数据',,,, ,"st.session_state.get(f'health-data-window-{patient_id}') | _render_long_term_section(patient_id, service, start_at=start_at, end_at=end_at) | _render_realtime_section(patient_id, service) | _render_lifestyle_section(patient_id, service) | st.session_state.pop(f'health-data-window-{patient_id}', None)",导航/筛选/选择/展示；见回调,True
streamlit_app.py,render_health_data,2508,expander,'查看监测详情',,,, ,"st.session_state.get(f'health-data-window-{patient_id}') | _render_long_term_section(patient_id, service, start_at=start_at, end_at=end_at) | _render_realtime_section(patient_id, service) | _render_lifestyle_section(patient_id, service) | st.session_state.pop(f'health-data-window-{patient_id}', None)",导航/筛选/选择/展示；见回调,True
streamlit_app.py,render_programs,2644,expander,'确认阶段结果后的下一步',,,, ,session.commit(),包含提交动作，请结合分支核对,True
streamlit_app.py,render_programs,2645,radio,'后续管理决定',,f'outcome-decision-{latest_outcome.id}',"['继续当前方案', '调整方案', '进入稳定期', '提交医生复核']", ,session.commit(),包含提交动作，请结合分支核对,True
streamlit_app.py,render_programs,2650,primary_action,'确认后续管理决定',,f'outcome-decision-save-{latest_outcome.id}',, ,session.commit(),包含提交动作，请结合分支核对,False
streamlit_app.py,render_member_management_signals,2680,button,'创建任务',,f'member-signal-task-{signal.id}',, ,session.commit(),包含提交动作，请结合分支核对,False
streamlit_app.py,render_simple_member_overview,2761,primary_action,'进入管理',_open_member_management,f'member-next-{patient.id}',,"(patient.id,) ",,导航/筛选/选择/展示；见回调,False
streamlit_app.py,render_simple_health_problems,2816,button,'处理',_open_member,f'simple-problem-{problem.id}',,"(patient.id,) ",,导航/筛选/选择/展示；见回调,False
streamlit_app.py,render_simple_medical_records,2822,button,'上传体检报告',,f'medical-report-open-{patient.id}',, ,"st.session_state.get(f'medical-report-visible-{patient.id}') | render_report_upload(patient, key_prefix=f'medical-{patient.id}')",导航/筛选/选择/展示；见回调,False
streamlit_app.py,_render_knowledge_search_detail,3015,link_button,'查看官方来源',,f'knowledge-result-source-{_knowledge_result_key(result)}',, ,,导航/筛选/选择/展示；见回调,True
streamlit_app.py,_render_knowledge_detail,3034,link_button,'查看官方来源',,f'knowledge-source-link-{key_scope}-{document.id}',, ,"approve.button('批准并允许 AI 引用', type='primary', key=f'knowledge-approve-{key_scope}-{document.id}') | KnowledgeService().approve_document(session, current, '授权审核人', comment) | session.commit() | st.form_submit_button('保存为待审核新版本') | KnowledgeService().archive_document(session, current, '授权审核人', '人工归档')",包含提交动作，请结合分支核对,True
streamlit_app.py,_render_knowledge_detail,3069,button,'批准并允许 AI 引用',,f'knowledge-approve-{key_scope}-{document.id}',, ,"approve.button('批准并允许 AI 引用', type='primary', key=f'knowledge-approve-{key_scope}-{document.id}') | KnowledgeService().approve_document(session, current, '授权审核人', comment) | session.commit() | st.form_submit_button('保存为待审核新版本') | KnowledgeService().archive_document(session, current, '授权审核人', '人工归档')",包含提交动作，请结合分支核对,False
streamlit_app.py,_render_knowledge_detail,3078,button,'退回资料',,f'knowledge-reject-{key_scope}-{document.id}',, ,"approve.button('批准并允许 AI 引用', type='primary', key=f'knowledge-approve-{key_scope}-{document.id}') | KnowledgeService().approve_document(session, current, '授权审核人', comment) | session.commit() | st.form_submit_button('保存为待审核新版本') | KnowledgeService().archive_document(session, current, '授权审核人', '人工归档')",包含提交动作，请结合分支核对,False
streamlit_app.py,_render_knowledge_detail,3088,expander,'版本与归档',,,, ,"approve.button('批准并允许 AI 引用', type='primary', key=f'knowledge-approve-{key_scope}-{document.id}') | KnowledgeService().approve_document(session, current, '授权审核人', comment) | session.commit() | st.form_submit_button('保存为待审核新版本') | KnowledgeService().archive_document(session, current, '授权审核人', '人工归档')",包含提交动作，请结合分支核对,True
streamlit_app.py,_render_knowledge_detail,3103,form_submit_button,'保存为待审核新版本',,,, ,"approve.button('批准并允许 AI 引用', type='primary', key=f'knowledge-approve-{key_scope}-{document.id}') | KnowledgeService().approve_document(session, current, '授权审核人', comment) | session.commit() | st.form_submit_button('保存为待审核新版本') | KnowledgeService().archive_document(session, current, '授权审核人', '人工归档')",包含提交动作，请结合分支核对,False
streamlit_app.py,_render_knowledge_detail,3127,download_button,'下载原始文件',,f'knowledge-download-{key_scope}-{document.id}',, ,"approve.button('批准并允许 AI 引用', type='primary', key=f'knowledge-approve-{key_scope}-{document.id}') | KnowledgeService().approve_document(session, current, '授权审核人', comment) | session.commit() | st.form_submit_button('保存为待审核新版本') | KnowledgeService().archive_document(session, current, '授权审核人', '人工归档')",包含提交动作，请结合分支核对,False
streamlit_app.py,_render_knowledge_detail,3131,expander,'高级信息',,,, ,"approve.button('批准并允许 AI 引用', type='primary', key=f'knowledge-approve-{key_scope}-{document.id}') | KnowledgeService().approve_document(session, current, '授权审核人', comment) | session.commit() | st.form_submit_button('保存为待审核新版本') | KnowledgeService().archive_document(session, current, '授权审核人', '人工归档')",包含提交动作，请结合分支核对,True
streamlit_app.py,_render_knowledge_detail,3143,expander,'查看原始技术信息',,,, ,"approve.button('批准并允许 AI 引用', type='primary', key=f'knowledge-approve-{key_scope}-{document.id}') | KnowledgeService().approve_document(session, current, '授权审核人', comment) | session.commit() | st.form_submit_button('保存为待审核新版本') | KnowledgeService().archive_document(session, current, '授权审核人', '人工归档')",包含提交动作，请结合分支核对,True
streamlit_app.py,_render_knowledge_search,3158,selectbox,'来源',,'knowledge-search-provider-ui',source_options, ,"st.session_state.pop('knowledge_search_provider_pending', None) | st.session_state.get('knowledge_search_errors', []) | st.session_state.get('knowledge_search_results', []) | st.session_state.get('knowledge_search_last_query') | st.session_state.pop('knowledge_search_retry', False) | st.session_state.pop('knowledge_search_autorun', False) | st.session_state.pop('knowledge_search_selected_result', None) | st.session_state.get('knowledge_search_errors') | st.session_state.get('knowledge_search_selected_result') | _render_knowledge_search_detail(selected) | session.commit()",包含提交动作，请结合分支核对,True
streamlit_app.py,_render_knowledge_search,3163,primary_action,'搜索',,'knowledge-source-search',, ,"st.session_state.pop('knowledge_search_provider_pending', None) | st.session_state.get('knowledge_search_errors', []) | st.session_state.get('knowledge_search_results', []) | st.session_state.get('knowledge_search_last_query') | st.session_state.pop('knowledge_search_retry', False) | st.session_state.pop('knowledge_search_autorun', False) | st.session_state.pop('knowledge_search_selected_result', None) | st.session_state.get('knowledge_search_errors') | st.session_state.get('knowledge_search_selected_result') | _render_knowledge_search_detail(selected) | session.commit()",包含提交动作，请结合分支核对,False
streamlit_app.py,_render_knowledge_search,3217,button,'查看',,f'knowledge-search-view-{index}',, ,"st.session_state.pop('knowledge_search_provider_pending', None) | st.session_state.get('knowledge_search_errors', []) | st.session_state.get('knowledge_search_results', []) | st.session_state.get('knowledge_search_last_query') | st.session_state.pop('knowledge_search_retry', False) | st.session_state.pop('knowledge_search_autorun', False) | st.session_state.pop('knowledge_search_selected_result', None) | st.session_state.get('knowledge_search_errors') | st.session_state.get('knowledge_search_selected_result') | _render_knowledge_search_detail(selected) | session.commit()",包含提交动作，请结合分支核对,False
streamlit_app.py,_render_knowledge_search,3223,button,'已保存',,f'knowledge-source-saved-{index}',, ,"st.session_state.pop('knowledge_search_provider_pending', None) | st.session_state.get('knowledge_search_errors', []) | st.session_state.get('knowledge_search_results', []) | st.session_state.get('knowledge_search_last_query') | st.session_state.pop('knowledge_search_retry', False) | st.session_state.pop('knowledge_search_autorun', False) | st.session_state.pop('knowledge_search_selected_result', None) | st.session_state.get('knowledge_search_errors') | st.session_state.get('knowledge_search_selected_result') | _render_knowledge_search_detail(selected) | session.commit()",包含提交动作，请结合分支核对,False
streamlit_app.py,_render_knowledge_search,3224,button,'查看已保存资料',,f'knowledge-source-existing-{index}',, ,"st.session_state.pop('knowledge_search_provider_pending', None) | st.session_state.get('knowledge_search_errors', []) | st.session_state.get('knowledge_search_results', []) | st.session_state.get('knowledge_search_last_query') | st.session_state.pop('knowledge_search_retry', False) | st.session_state.pop('knowledge_search_autorun', False) | st.session_state.pop('knowledge_search_selected_result', None) | st.session_state.get('knowledge_search_errors') | st.session_state.get('knowledge_search_selected_result') | _render_knowledge_search_detail(selected) | session.commit()",包含提交动作，请结合分支核对,False
streamlit_app.py,_render_knowledge_search,3227,button,'保存到知识库',,f'knowledge-source-cache-{index}',, ,"st.session_state.pop('knowledge_search_provider_pending', None) | st.session_state.get('knowledge_search_errors', []) | st.session_state.get('knowledge_search_results', []) | st.session_state.get('knowledge_search_last_query') | st.session_state.pop('knowledge_search_retry', False) | st.session_state.pop('knowledge_search_autorun', False) | st.session_state.pop('knowledge_search_selected_result', None) | st.session_state.get('knowledge_search_errors') | st.session_state.get('knowledge_search_selected_result') | _render_knowledge_search_detail(selected) | session.commit()",包含提交动作，请结合分支核对,False
streamlit_app.py,_render_knowledge_source_cards,3250,button,'搜索',_select_knowledge_source,f'knowledge-source-card-{source.source_code}',,"(source.source_code,) ","st.session_state.pop('knowledge_search_who_setup', False)",导航/筛选/选择/展示；见回调,False
streamlit_app.py,_render_knowledge_source_cards,3252,button,'配置说明',_show_who_icd11_setup,'knowledge-source-who-setup',, ,"st.session_state.pop('knowledge_search_who_setup', False)",导航/筛选/选择/展示；见回调,False
streamlit_app.py,_render_knowledge_add_form,3263,expander,'添加资料',,,, ,"st.session_state.get('knowledge-add-open') | st.form_submit_button('保存草稿', type='primary') | st.form_submit_button('登记上传资料', type='primary') | session.commit()",包含提交动作，请结合分支核对,True
streamlit_app.py,_render_knowledge_add_form,3264,radio,'添加方式',,'knowledge-entry-mode',"['手工录入', '上传文件']", ,"st.session_state.get('knowledge-add-open') | st.form_submit_button('保存草稿', type='primary') | st.form_submit_button('登记上传资料', type='primary') | session.commit()",包含提交动作，请结合分支核对,True
streamlit_app.py,_render_knowledge_add_form,3268,selectbox,'分类 *',,,KNOWLEDGE_CATEGORIES, ,"st.session_state.get('knowledge-add-open') | st.form_submit_button('保存草稿', type='primary') | st.form_submit_button('登记上传资料', type='primary') | session.commit()",包含提交动作，请结合分支核对,True
streamlit_app.py,_render_knowledge_add_form,3271,selectbox,'资料来源类型',,,KNOWLEDGE_SOURCE_TYPES, ,"st.session_state.get('knowledge-add-open') | st.form_submit_button('保存草稿', type='primary') | st.form_submit_button('登记上传资料', type='primary') | session.commit()",包含提交动作，请结合分支核对,True
streamlit_app.py,_render_knowledge_add_form,3277,form_submit_button,'保存草稿',,,, ,"st.session_state.get('knowledge-add-open') | st.form_submit_button('保存草稿', type='primary') | st.form_submit_button('登记上传资料', type='primary') | session.commit()",包含提交动作，请结合分支核对,False
streamlit_app.py,_render_knowledge_add_form,3294,file_uploader,'选择资料文件',,,, ,"st.session_state.get('knowledge-add-open') | st.form_submit_button('保存草稿', type='primary') | st.form_submit_button('登记上传资料', type='primary') | session.commit()",包含提交动作，请结合分支核对,False
streamlit_app.py,_render_knowledge_add_form,3295,selectbox,'分类 *',,'knowledge-file-category',KNOWLEDGE_CATEGORIES, ,"st.session_state.get('knowledge-add-open') | st.form_submit_button('保存草稿', type='primary') | st.form_submit_button('登记上传资料', type='primary') | session.commit()",包含提交动作，请结合分支核对,True
streamlit_app.py,_render_knowledge_add_form,3297,selectbox,'资料来源类型',,'knowledge-file-source-type',KNOWLEDGE_SOURCE_TYPES, ,"st.session_state.get('knowledge-add-open') | st.form_submit_button('保存草稿', type='primary') | st.form_submit_button('登记上传资料', type='primary') | session.commit()",包含提交动作，请结合分支核对,True
streamlit_app.py,_render_knowledge_add_form,3308,form_submit_button,'登记上传资料',,,, ,"st.session_state.get('knowledge-add-open') | st.form_submit_button('保存草稿', type='primary') | st.form_submit_button('登记上传资料', type='primary') | session.commit()",包含提交动作，请结合分支核对,False
streamlit_app.py,_render_saved_knowledge,3342,selectbox,'分类',,'knowledge-category-filter',"['全部分类', *KNOWLEDGE_CATEGORIES]", ,"_render_knowledge_add_form() | st.session_state.get('knowledge-selected-id') | _render_knowledge_detail(selected, source_names, key_scope='saved')",导航/筛选/选择/展示；见回调,True
streamlit_app.py,_render_saved_knowledge,3343,selectbox,'审核状态',,'knowledge-review-filter',"['全部状态', 'DRAFT', 'PENDING_REVIEW', 'APPROVED', 'REJECTED', 'ARCHIVED']", ,"_render_knowledge_add_form() | st.session_state.get('knowledge-selected-id') | _render_knowledge_detail(selected, source_names, key_scope='saved')",导航/筛选/选择/展示；见回调,True
streamlit_app.py,_render_saved_knowledge,3361,button,document.title,,f'knowledge-document-{document.id}',, ,"_render_knowledge_add_form() | st.session_state.get('knowledge-selected-id') | _render_knowledge_detail(selected, source_names, key_scope='saved')",导航/筛选/选择/展示；见回调,False
streamlit_app.py,_render_pending_knowledge,3392,button,document.title,,f'knowledge-review-document-{document.id}',, ,"st.session_state.get('knowledge-review-selected-id') | _render_knowledge_detail(selected, source_names, key_scope='pending')",导航/筛选/选择/展示；见回调,False
streamlit_app.py,render_knowledge_library_entry,3432,radio,'知识功能',,'knowledge-center-mode',"['知识查询', '内部操作规范', '知识治理']", ,"st.session_state.pop('knowledge-notice', None) | service.ensure_approved_chunks(session) | session.commit() | _render_knowledge_search(sources) | _render_saved_knowledge(sources) | _render_knowledge_source_cards(sources) | _render_pending_knowledge(sources)",包含提交动作，请结合分支核对,True
streamlit_app.py,_integration_card,3452,button,action_label,,key,, ,,导航/筛选/选择/展示；见回调,False
streamlit_app.py,_render_data_package_import,3473,download_button,'下载数据模板',,f'{key_prefix}-template',, ,"st.session_state.get(f'{key_prefix}-inspection') | st.session_state.get(f'{key_prefix}-import-result') | st.session_state.pop(f'{key_prefix}-import-result', None) | st.session_state.pop(f'{key_prefix}-inspection', None) | session.commit()",包含提交动作，请结合分支核对,False
streamlit_app.py,_render_data_package_import,3480,download_button,'下载匿名演示数据包',,f'{key_prefix}-demo-package',, ,"st.session_state.get(f'{key_prefix}-inspection') | st.session_state.get(f'{key_prefix}-import-result') | st.session_state.pop(f'{key_prefix}-import-result', None) | st.session_state.pop(f'{key_prefix}-inspection', None) | session.commit()",包含提交动作，请结合分支核对,False
streamlit_app.py,_render_data_package_import,3485,selectbox,'数据包来源',,f'{key_prefix}-source',"['合作方', '内部整理', '设备厂商', '其他']", ,"st.session_state.get(f'{key_prefix}-inspection') | st.session_state.get(f'{key_prefix}-import-result') | st.session_state.pop(f'{key_prefix}-import-result', None) | st.session_state.pop(f'{key_prefix}-inspection', None) | session.commit()",包含提交动作，请结合分支核对,True
streamlit_app.py,_render_data_package_import,3486,file_uploader,'拖拽文件到这里，或点击选择',,f'{key_prefix}-upload',, ,"st.session_state.get(f'{key_prefix}-inspection') | st.session_state.get(f'{key_prefix}-import-result') | st.session_state.pop(f'{key_prefix}-import-result', None) | st.session_state.pop(f'{key_prefix}-inspection', None) | session.commit()",包含提交动作，请结合分支核对,False
streamlit_app.py,_render_data_package_import,3494,button,'检查数据包',,f'{key_prefix}-inspect',, ,"st.session_state.get(f'{key_prefix}-inspection') | st.session_state.get(f'{key_prefix}-import-result') | st.session_state.pop(f'{key_prefix}-import-result', None) | st.session_state.pop(f'{key_prefix}-inspection', None) | session.commit()",包含提交动作，请结合分支核对,False
streamlit_app.py,_render_data_package_import,3523,expander,f'查看需要确认的项目（{len(inspection.issues)}）',,,, ,"st.session_state.get(f'{key_prefix}-inspection') | st.session_state.get(f'{key_prefix}-import-result') | st.session_state.pop(f'{key_prefix}-import-result', None) | st.session_state.pop(f'{key_prefix}-inspection', None) | session.commit()",包含提交动作，请结合分支核对,True
streamlit_app.py,_render_data_package_import,3528,expander,'查看前20条',,,, ,"st.session_state.get(f'{key_prefix}-inspection') | st.session_state.get(f'{key_prefix}-import-result') | st.session_state.pop(f'{key_prefix}-import-result', None) | st.session_state.pop(f'{key_prefix}-inspection', None) | session.commit()",包含提交动作，请结合分支核对,True
streamlit_app.py,_render_data_package_import,3542,selectbox,f'外部成员 {code}',,f'{key_prefix}-member-{code}',member_options, ,"st.session_state.get(f'{key_prefix}-inspection') | st.session_state.get(f'{key_prefix}-import-result') | st.session_state.pop(f'{key_prefix}-import-result', None) | st.session_state.pop(f'{key_prefix}-inspection', None) | session.commit()",包含提交动作，请结合分支核对,True
streamlit_app.py,_render_data_package_import,3556,button,'确认导入',,f'{key_prefix}-confirm',, ,"st.session_state.get(f'{key_prefix}-inspection') | st.session_state.get(f'{key_prefix}-import-result') | st.session_state.pop(f'{key_prefix}-import-result', None) | st.session_state.pop(f'{key_prefix}-inspection', None) | session.commit()",包含提交动作，请结合分支核对,False
streamlit_app.py,_render_ai_service_integration,3591,radio,'服务类型',,,"['本地AI', '外部兼容AI']", ,st.form_submit_button('测试连接'),导航/筛选/选择/展示；见回调,True
streamlit_app.py,_render_ai_service_integration,3595,expander,'高级设置',,,, ,st.form_submit_button('测试连接'),导航/筛选/选择/展示；见回调,True
streamlit_app.py,_render_ai_service_integration,3598,checkbox,'允许向外部AI服务发送去标识化健康内容',,,, ,st.form_submit_button('测试连接'),导航/筛选/选择/展示；见回调,False
streamlit_app.py,_render_ai_service_integration,3600,form_submit_button,'测试连接',,,, ,st.form_submit_button('测试连接'),导航/筛选/选择/展示；见回调,False
streamlit_app.py,_render_knowledge_service_integration,3636,expander,'合作方连接设置',,,, ,"st.session_state.get('integration-knowledge-package-ready') | _render_knowledge_search(sources) | knowledge_service.ensure_approved_chunks(session) | session.commit() | _render_saved_knowledge(sources) | st.form_submit_button('测试连接') | st.session_state.pop('integration-knowledge-package-ready', None)",包含提交动作，请结合分支核对,True
streamlit_app.py,_render_knowledge_service_integration,3643,form_submit_button,'测试连接',,,, ,"st.session_state.get('integration-knowledge-package-ready') | _render_knowledge_search(sources) | knowledge_service.ensure_approved_chunks(session) | session.commit() | _render_saved_knowledge(sources) | st.form_submit_button('测试连接') | st.session_state.pop('integration-knowledge-package-ready', None)",包含提交动作，请结合分支核对,False
streamlit_app.py,_render_knowledge_service_integration,3665,file_uploader,'上传知识包（可选）',,'integration-knowledge-package',, ,"st.session_state.get('integration-knowledge-package-ready') | _render_knowledge_search(sources) | knowledge_service.ensure_approved_chunks(session) | session.commit() | _render_saved_knowledge(sources) | st.form_submit_button('测试连接') | st.session_state.pop('integration-knowledge-package-ready', None)",包含提交动作，请结合分支核对,False
streamlit_app.py,_render_knowledge_service_integration,3666,button,'检查知识包',,'integration-knowledge-package-inspect',, ,"st.session_state.get('integration-knowledge-package-ready') | _render_knowledge_search(sources) | knowledge_service.ensure_approved_chunks(session) | session.commit() | _render_saved_knowledge(sources) | st.form_submit_button('测试连接') | st.session_state.pop('integration-knowledge-package-ready', None)",包含提交动作，请结合分支核对,False
streamlit_app.py,_render_knowledge_service_integration,3679,button,'确认导入待审核区',,'integration-knowledge-package-confirm',, ,"st.session_state.get('integration-knowledge-package-ready') | _render_knowledge_search(sources) | knowledge_service.ensure_approved_chunks(session) | session.commit() | _render_saved_knowledge(sources) | st.form_submit_button('测试连接') | st.session_state.pop('integration-knowledge-package-ready', None)",包含提交动作，请结合分支核对,False
streamlit_app.py,_render_knowledge_service_integration,3690,expander,'查看已审核内部规范',,,, ,"st.session_state.get('integration-knowledge-package-ready') | _render_knowledge_search(sources) | knowledge_service.ensure_approved_chunks(session) | session.commit() | _render_saved_knowledge(sources) | st.form_submit_button('测试连接') | st.session_state.pop('integration-knowledge-package-ready', None)",包含提交动作，请结合分支核对,True
streamlit_app.py,_render_report_parse_method,3799,expander,'高级信息',,,, ,,导航/筛选/选择/展示；见回调,True
streamlit_app.py,render_report_review,3967,expander,f'需要医生复核 · 影像与检查 · {len(findings)} 项',,,, ,"st.session_state.pop(reparse_message_key, None) | _render_baseline_draft_action(document, candidates) | _render_report_candidate_group('影像与检查 · 需要医生复核', findings[:3], 'FINDING', document, key_scope='report-doctor') | _render_report_candidate_group('关键健康指标', observations, 'OBSERVATION', document, key_scope='report-metrics') | _render_report_candidate_group('健康管理关注', management, 'OBSERVATION', document, key_scope='report-management') | _render_report_candidate_group('建议复查', followups, 'FOLLOWUP', document, key_scope='report-followup') | _render_report_manual_review_group(manual, document) | _render_report_candidate_group('一般记录', general, 'GENERAL', document, key_scope='report-general') | st.session_state.get(f'report-reparse-in-progress-{document_id}') | st.session_state.get('surface-mode') | _render_report_parse_method(run, candidates) | session.commit()",包含提交动作，请结合分支核对,True
streamlit_app.py,render_report_review,3971,expander,f'关键健康指标 · {len(observations)} 项',,,, ,"st.session_state.pop(reparse_message_key, None) | _render_baseline_draft_action(document, candidates) | _render_report_candidate_group('影像与检查 · 需要医生复核', findings[:3], 'FINDING', document, key_scope='report-doctor') | _render_report_candidate_group('关键健康指标', observations, 'OBSERVATION', document, key_scope='report-metrics') | _render_report_candidate_group('健康管理关注', management, 'OBSERVATION', document, key_scope='report-management') | _render_report_candidate_group('建议复查', followups, 'FOLLOWUP', document, key_scope='report-followup') | _render_report_manual_review_group(manual, document) | _render_report_candidate_group('一般记录', general, 'GENERAL', document, key_scope='report-general') | st.session_state.get(f'report-reparse-in-progress-{document_id}') | st.session_state.get('surface-mode') | _render_report_parse_method(run, candidates) | session.commit()",包含提交动作，请结合分支核对,True
streamlit_app.py,render_report_review,3973,expander,f'主要异常与健康问题 · {len(management)} 项',,,, ,"st.session_state.pop(reparse_message_key, None) | _render_baseline_draft_action(document, candidates) | _render_report_candidate_group('影像与检查 · 需要医生复核', findings[:3], 'FINDING', document, key_scope='report-doctor') | _render_report_candidate_group('关键健康指标', observations, 'OBSERVATION', document, key_scope='report-metrics') | _render_report_candidate_group('健康管理关注', management, 'OBSERVATION', document, key_scope='report-management') | _render_report_candidate_group('建议复查', followups, 'FOLLOWUP', document, key_scope='report-followup') | _render_report_manual_review_group(manual, document) | _render_report_candidate_group('一般记录', general, 'GENERAL', document, key_scope='report-general') | st.session_state.get(f'report-reparse-in-progress-{document_id}') | st.session_state.get('surface-mode') | _render_report_parse_method(run, candidates) | session.commit()",包含提交动作，请结合分支核对,True
streamlit_app.py,render_report_review,3975,expander,f'建议复查 · {len(followups)} 项',,,, ,"st.session_state.pop(reparse_message_key, None) | _render_baseline_draft_action(document, candidates) | _render_report_candidate_group('影像与检查 · 需要医生复核', findings[:3], 'FINDING', document, key_scope='report-doctor') | _render_report_candidate_group('关键健康指标', observations, 'OBSERVATION', document, key_scope='report-metrics') | _render_report_candidate_group('健康管理关注', management, 'OBSERVATION', document, key_scope='report-management') | _render_report_candidate_group('建议复查', followups, 'FOLLOWUP', document, key_scope='report-followup') | _render_report_manual_review_group(manual, document) | _render_report_candidate_group('一般记录', general, 'GENERAL', document, key_scope='report-general') | st.session_state.get(f'report-reparse-in-progress-{document_id}') | st.session_state.get('surface-mode') | _render_report_parse_method(run, candidates) | session.commit()",包含提交动作，请结合分支核对,True
streamlit_app.py,render_report_review,3977,expander,f'需要人工核对内容 · {len(manual)} 项',,,, ,"st.session_state.pop(reparse_message_key, None) | _render_baseline_draft_action(document, candidates) | _render_report_candidate_group('影像与检查 · 需要医生复核', findings[:3], 'FINDING', document, key_scope='report-doctor') | _render_report_candidate_group('关键健康指标', observations, 'OBSERVATION', document, key_scope='report-metrics') | _render_report_candidate_group('健康管理关注', management, 'OBSERVATION', document, key_scope='report-management') | _render_report_candidate_group('建议复查', followups, 'FOLLOWUP', document, key_scope='report-followup') | _render_report_manual_review_group(manual, document) | _render_report_candidate_group('一般记录', general, 'GENERAL', document, key_scope='report-general') | st.session_state.get(f'report-reparse-in-progress-{document_id}') | st.session_state.get('surface-mode') | _render_report_parse_method(run, candidates) | session.commit()",包含提交动作，请结合分支核对,True
streamlit_app.py,render_report_review,3979,expander,f'一般记录 · {len(general)} 项',,,, ,"st.session_state.pop(reparse_message_key, None) | _render_baseline_draft_action(document, candidates) | _render_report_candidate_group('影像与检查 · 需要医生复核', findings[:3], 'FINDING', document, key_scope='report-doctor') | _render_report_candidate_group('关键健康指标', observations, 'OBSERVATION', document, key_scope='report-metrics') | _render_report_candidate_group('健康管理关注', management, 'OBSERVATION', document, key_scope='report-management') | _render_report_candidate_group('建议复查', followups, 'FOLLOWUP', document, key_scope='report-followup') | _render_report_manual_review_group(manual, document) | _render_report_candidate_group('一般记录', general, 'GENERAL', document, key_scope='report-general') | st.session_state.get(f'report-reparse-in-progress-{document_id}') | st.session_state.get('surface-mode') | _render_report_parse_method(run, candidates) | session.commit()",包含提交动作，请结合分支核对,True
streamlit_app.py,render_report_review,3982,expander,'查看全部指标',,,, ,"st.session_state.pop(reparse_message_key, None) | _render_baseline_draft_action(document, candidates) | _render_report_candidate_group('影像与检查 · 需要医生复核', findings[:3], 'FINDING', document, key_scope='report-doctor') | _render_report_candidate_group('关键健康指标', observations, 'OBSERVATION', document, key_scope='report-metrics') | _render_report_candidate_group('健康管理关注', management, 'OBSERVATION', document, key_scope='report-management') | _render_report_candidate_group('建议复查', followups, 'FOLLOWUP', document, key_scope='report-followup') | _render_report_manual_review_group(manual, document) | _render_report_candidate_group('一般记录', general, 'GENERAL', document, key_scope='report-general') | st.session_state.get(f'report-reparse-in-progress-{document_id}') | st.session_state.get('surface-mode') | _render_report_parse_method(run, candidates) | session.commit()",包含提交动作，请结合分支核对,True
streamlit_app.py,render_report_review,3986,expander,'报告整理记录',,,, ,"st.session_state.pop(reparse_message_key, None) | _render_baseline_draft_action(document, candidates) | _render_report_candidate_group('影像与检查 · 需要医生复核', findings[:3], 'FINDING', document, key_scope='report-doctor') | _render_report_candidate_group('关键健康指标', observations, 'OBSERVATION', document, key_scope='report-metrics') | _render_report_candidate_group('健康管理关注', management, 'OBSERVATION', document, key_scope='report-management') | _render_report_candidate_group('建议复查', followups, 'FOLLOWUP', document, key_scope='report-followup') | _render_report_manual_review_group(manual, document) | _render_report_candidate_group('一般记录', general, 'GENERAL', document, key_scope='report-general') | st.session_state.get(f'report-reparse-in-progress-{document_id}') | st.session_state.get('surface-mode') | _render_report_parse_method(run, candidates) | session.commit()",包含提交动作，请结合分支核对,True
streamlit_app.py,render_report_review,4013,expander,'查看完整文件',,,, ,"st.session_state.pop(reparse_message_key, None) | _render_baseline_draft_action(document, candidates) | _render_report_candidate_group('影像与检查 · 需要医生复核', findings[:3], 'FINDING', document, key_scope='report-doctor') | _render_report_candidate_group('关键健康指标', observations, 'OBSERVATION', document, key_scope='report-metrics') | _render_report_candidate_group('健康管理关注', management, 'OBSERVATION', document, key_scope='report-management') | _render_report_candidate_group('建议复查', followups, 'FOLLOWUP', document, key_scope='report-followup') | _render_report_manual_review_group(manual, document) | _render_report_candidate_group('一般记录', general, 'GENERAL', document, key_scope='report-general') | st.session_state.get(f'report-reparse-in-progress-{document_id}') | st.session_state.get('surface-mode') | _render_report_parse_method(run, candidates) | session.commit()",包含提交动作，请结合分支核对,True
streamlit_app.py,render_report_review,4016,download_button,'查看完整文件',,f'report-download-{document.id}',, ,"st.session_state.pop(reparse_message_key, None) | _render_baseline_draft_action(document, candidates) | _render_report_candidate_group('影像与检查 · 需要医生复核', findings[:3], 'FINDING', document, key_scope='report-doctor') | _render_report_candidate_group('关键健康指标', observations, 'OBSERVATION', document, key_scope='report-metrics') | _render_report_candidate_group('健康管理关注', management, 'OBSERVATION', document, key_scope='report-management') | _render_report_candidate_group('建议复查', followups, 'FOLLOWUP', document, key_scope='report-followup') | _render_report_manual_review_group(manual, document) | _render_report_candidate_group('一般记录', general, 'GENERAL', document, key_scope='report-general') | st.session_state.get(f'report-reparse-in-progress-{document_id}') | st.session_state.get('surface-mode') | _render_report_parse_method(run, candidates) | session.commit()",包含提交动作，请结合分支核对,False
streamlit_app.py,_render_baseline_draft_action,4034,button,'纳入当前年度基线初稿',,f'baseline-merge-{document.id}',, ,session.commit(),包含提交动作，请结合分支核对,False
streamlit_app.py,_render_baseline_draft_action,4050,button,'生成健康基线初稿',,f'baseline-draft-{document.id}',, ,session.commit(),包含提交动作，请结合分支核对,False
streamlit_app.py,_render_report_candidate_group,4070,expander,'逐项查看依据',,,, ,"_render_evidence_action(_candidate_evidence_payload(item, document), key_scope=f'{key_scope}-candidate-{item.id}') | _render_report_observation_actions(item, key_scope=key_scope) | _render_report_finding_actions(item, key_scope=key_scope) | _render_related_knowledge(item.raw_name or item.summary or '', key_scope=f'report-finding-{item.id}') | _render_report_followup_actions(item, key_scope=key_scope)",导航/筛选/选择/展示；见回调,True
streamlit_app.py,_render_report_candidate_group,4078,expander,f'处理：{_report_candidate_label(item)}',,,, ,"_render_evidence_action(_candidate_evidence_payload(item, document), key_scope=f'{key_scope}-candidate-{item.id}') | _render_report_observation_actions(item, key_scope=key_scope) | _render_report_finding_actions(item, key_scope=key_scope) | _render_related_knowledge(item.raw_name or item.summary or '', key_scope=f'report-finding-{item.id}') | _render_report_followup_actions(item, key_scope=key_scope)",导航/筛选/选择/展示；见回调,True
streamlit_app.py,_render_report_observation_actions,4122,expander,'其他处理',,,, ,"st.session_state.get(f'{key_scope}-correct-visible-{candidate.id}') | care_commands.confirm_report_candidate(session, stored, 'health_manager') | session.commit() | st.form_submit_button('保存修正')",包含提交动作，请结合分支核对,True
streamlit_app.py,_render_report_observation_actions,4124,button,'忽略重复项',,f'{key_scope}-duplicate-reject-{candidate.id}',, ,"st.session_state.get(f'{key_scope}-correct-visible-{candidate.id}') | care_commands.confirm_report_candidate(session, stored, 'health_manager') | session.commit() | st.form_submit_button('保存修正')",包含提交动作，请结合分支核对,False
streamlit_app.py,_render_report_observation_actions,4130,button,'确认入档',,f'{key_scope}-confirm-{candidate.id}',, ,"st.session_state.get(f'{key_scope}-correct-visible-{candidate.id}') | care_commands.confirm_report_candidate(session, stored, 'health_manager') | session.commit() | st.form_submit_button('保存修正')",包含提交动作，请结合分支核对,False
streamlit_app.py,_render_report_observation_actions,4136,expander,'其他处理',,,, ,"st.session_state.get(f'{key_scope}-correct-visible-{candidate.id}') | care_commands.confirm_report_candidate(session, stored, 'health_manager') | session.commit() | st.form_submit_button('保存修正')",包含提交动作，请结合分支核对,True
streamlit_app.py,_render_report_observation_actions,4137,button,'忽略',,f'{key_scope}-reject-{candidate.id}',, ,"st.session_state.get(f'{key_scope}-correct-visible-{candidate.id}') | care_commands.confirm_report_candidate(session, stored, 'health_manager') | session.commit() | st.form_submit_button('保存修正')",包含提交动作，请结合分支核对,False
streamlit_app.py,_render_report_observation_actions,4141,button,'人工修正',,f'{key_scope}-correct-open-{candidate.id}',, ,"st.session_state.get(f'{key_scope}-correct-visible-{candidate.id}') | care_commands.confirm_report_candidate(session, stored, 'health_manager') | session.commit() | st.form_submit_button('保存修正')",包含提交动作，请结合分支核对,False
streamlit_app.py,_render_report_observation_actions,4147,selectbox,'对应健康指标',,,metric_options, ,"st.session_state.get(f'{key_scope}-correct-visible-{candidate.id}') | care_commands.confirm_report_candidate(session, stored, 'health_manager') | session.commit() | st.form_submit_button('保存修正')",包含提交动作，请结合分支核对,True
streamlit_app.py,_render_report_observation_actions,4155,form_submit_button,'保存修正',,,, ,"st.session_state.get(f'{key_scope}-correct-visible-{candidate.id}') | care_commands.confirm_report_candidate(session, stored, 'health_manager') | session.commit() | st.form_submit_button('保存修正')",包含提交动作，请结合分支核对,False
streamlit_app.py,_render_report_finding_actions,4165,button,'请医生复核',,f'{key_scope}-doctor-{candidate.id}',, ,session.commit(),包含提交动作，请结合分支核对,False
streamlit_app.py,_render_report_finding_actions,4169,expander,'其他处理',,,, ,session.commit(),包含提交动作，请结合分支核对,True
streamlit_app.py,_render_report_finding_actions,4171,button,'纳入健康管理',,f'{key_scope}-manage-{candidate.id}',, ,session.commit(),包含提交动作，请结合分支核对,False
streamlit_app.py,_render_report_finding_actions,4175,button,'仅保留记录',,f'{key_scope}-record-{candidate.id}',, ,session.commit(),包含提交动作，请结合分支核对,False
streamlit_app.py,_render_report_followup_actions,4185,button,'创建随访任务',,f'{key_scope}-followup-{candidate.id}',, ,session.commit(),包含提交动作，请结合分支核对,False
streamlit_app.py,render_report_upload,4211,file_uploader,'选择报告文件',,f'report-file-{key_prefix}',, ,st.session_state.get('report-review-document-id') | st.session_state.get(parse_key) | render_report_review(UUID(selected_id)) | session.commit(),包含提交动作，请结合分支核对,False
streamlit_app.py,render_report_upload,4217,button,'解析进行中…' if in_progress else '开始解析报告',,f'report-parse-{key_prefix}',, ,st.session_state.get('report-review-document-id') | st.session_state.get(parse_key) | render_report_review(UUID(selected_id)) | session.commit(),包含提交动作，请结合分支核对,False
streamlit_app.py,render_member_medical_workspace,4241,radio,'医疗内容',,f'member-medical-view-{patient.id}',"['医生复核', '用药', '检查', '手术住院']", ,"render_medications(ctx) | render_report_upload(patient, key_prefix=f'member-medical-checkup-{patient.id}') | st.session_state.get(selected_key)",导航/筛选/选择/展示；见回调,True
streamlit_app.py,render_member_archive,4295,radio,'成员健康内容',,key,views, ,"st.session_state.get(key) | render_report_trends(patient.id, key=f'manager-report-trend-{patient.id}') | render_health_assessments(patient) | render_baseline_overview(patient, health.baseline, session_factory=SessionLocal, key_prefix=f'manager-health-overview-{patient.id}', view=health.health.baseline) | render_report_upload(patient, key_prefix=f'member-health-{patient.id}') | _render_client_medical_archive(patient)",导航/筛选/选择/展示；见回调,True
streamlit_app.py,render_member_archive,4307,button,'查看年度健康基线',request_navigation,f'manager-health-baseline-{patient.id}',," {'surface': '运营后台', 'ops_page': '成员', 'member_id': patient.id, 'member_section': '健康', 'archive_view': '基线'}","st.session_state.get(key) | render_report_trends(patient.id, key=f'manager-report-trend-{patient.id}') | render_health_assessments(patient) | render_baseline_overview(patient, health.baseline, session_factory=SessionLocal, key_prefix=f'manager-health-overview-{patient.id}', view=health.health.baseline) | render_report_upload(patient, key_prefix=f'member-health-{patient.id}') | _render_client_medical_archive(patient)",导航/筛选/选择/展示；见回调,False
streamlit_app.py,render_member_archive,4322,data_table,documents,,f'archive-report-grid-{patient.id}',, ,"st.session_state.get(key) | render_report_trends(patient.id, key=f'manager-report-trend-{patient.id}') | render_health_assessments(patient) | render_baseline_overview(patient, health.baseline, session_factory=SessionLocal, key_prefix=f'manager-health-overview-{patient.id}', view=health.health.baseline) | render_report_upload(patient, key_prefix=f'member-health-{patient.id}') | _render_client_medical_archive(patient)",导航/筛选/选择/展示；见回调,True
streamlit_app.py,render_member_archive,4339,data_table,history,,f'archive-history-grid-{patient.id}',, ,"st.session_state.get(key) | render_report_trends(patient.id, key=f'manager-report-trend-{patient.id}') | render_health_assessments(patient) | render_baseline_overview(patient, health.baseline, session_factory=SessionLocal, key_prefix=f'manager-health-overview-{patient.id}', view=health.health.baseline) | render_report_upload(patient, key_prefix=f'member-health-{patient.id}') | _render_client_medical_archive(patient)",导航/筛选/选择/展示；见回调,True
streamlit_app.py,render_member_archive,4341,expander,'健康问题详情',,,, ,"st.session_state.get(key) | render_report_trends(patient.id, key=f'manager-report-trend-{patient.id}') | render_health_assessments(patient) | render_baseline_overview(patient, health.baseline, session_factory=SessionLocal, key_prefix=f'manager-health-overview-{patient.id}', view=health.health.baseline) | render_report_upload(patient, key_prefix=f'member-health-{patient.id}') | _render_client_medical_archive(patient)",导航/筛选/选择/展示；见回调,True
streamlit_app.py,render_member_archive,4344,expander,'完整健康档案 · 用药、过敏与医疗事件',,,, ,"st.session_state.get(key) | render_report_trends(patient.id, key=f'manager-report-trend-{patient.id}') | render_health_assessments(patient) | render_baseline_overview(patient, health.baseline, session_factory=SessionLocal, key_prefix=f'manager-health-overview-{patient.id}', view=health.health.baseline) | render_report_upload(patient, key_prefix=f'member-health-{patient.id}') | _render_client_medical_archive(patient)",导航/筛选/选择/展示；见回调,True
streamlit_app.py,render_health_assessments,4362,selectbox,'查看年度',,f'manager-baseline-year-{patient.id}',years, ,"_render_evidence_action(_baseline_evidence_payload(session, patient.id, baseline), key_scope=f'baseline-{patient.id}-{baseline.id}') | _render_baseline_visualization(patient, baseline, audience='manager', key_prefix=f'manager-baseline-{baseline.id}') | st.form_submit_button('保存初稿') | _render_snapshot_item_evidence(patient.id, value, key_scope=f'baseline-context-{baseline.id}-{key}') | completeness.get('organized', []) | completeness.get('pending', []) | st.form_submit_button('创建修订版本') | session.commit() | HealthAssessmentService().confirm(session, baseline.id, 'health_manager') | HealthAssessmentService().complete_report_review_task(session, patient.id, UUID(report_id))",包含提交动作，请结合分支核对,True
streamlit_app.py,render_health_assessments,4387,expander,'重要健康背景',,,, ,"_render_evidence_action(_baseline_evidence_payload(session, patient.id, baseline), key_scope=f'baseline-{patient.id}-{baseline.id}') | _render_baseline_visualization(patient, baseline, audience='manager', key_prefix=f'manager-baseline-{baseline.id}') | st.form_submit_button('保存初稿') | _render_snapshot_item_evidence(patient.id, value, key_scope=f'baseline-context-{baseline.id}-{key}') | completeness.get('organized', []) | completeness.get('pending', []) | st.form_submit_button('创建修订版本') | session.commit() | HealthAssessmentService().confirm(session, baseline.id, 'health_manager') | HealthAssessmentService().complete_report_review_task(session, patient.id, UUID(report_id))",包含提交动作，请结合分支核对,True
streamlit_app.py,render_health_assessments,4412,button,'提交医生复核',,f'baseline-doctor-review-{baseline.id}',, ,"_render_evidence_action(_baseline_evidence_payload(session, patient.id, baseline), key_scope=f'baseline-{patient.id}-{baseline.id}') | _render_baseline_visualization(patient, baseline, audience='manager', key_prefix=f'manager-baseline-{baseline.id}') | st.form_submit_button('保存初稿') | _render_snapshot_item_evidence(patient.id, value, key_scope=f'baseline-context-{baseline.id}-{key}') | completeness.get('organized', []) | completeness.get('pending', []) | st.form_submit_button('创建修订版本') | session.commit() | HealthAssessmentService().confirm(session, baseline.id, 'health_manager') | HealthAssessmentService().complete_report_review_task(session, patient.id, UUID(report_id))",包含提交动作，请结合分支核对,False
streamlit_app.py,render_health_assessments,4418,button,'确认健康基线',,f'confirm-baseline-{baseline.id}',, ,"_render_evidence_action(_baseline_evidence_payload(session, patient.id, baseline), key_scope=f'baseline-{patient.id}-{baseline.id}') | _render_baseline_visualization(patient, baseline, audience='manager', key_prefix=f'manager-baseline-{baseline.id}') | st.form_submit_button('保存初稿') | _render_snapshot_item_evidence(patient.id, value, key_scope=f'baseline-context-{baseline.id}-{key}') | completeness.get('organized', []) | completeness.get('pending', []) | st.form_submit_button('创建修订版本') | session.commit() | HealthAssessmentService().confirm(session, baseline.id, 'health_manager') | HealthAssessmentService().complete_report_review_task(session, patient.id, UUID(report_id))",包含提交动作，请结合分支核对,False
streamlit_app.py,render_health_assessments,4433,expander,'修订已确认资料',,,, ,"_render_evidence_action(_baseline_evidence_payload(session, patient.id, baseline), key_scope=f'baseline-{patient.id}-{baseline.id}') | _render_baseline_visualization(patient, baseline, audience='manager', key_prefix=f'manager-baseline-{baseline.id}') | st.form_submit_button('保存初稿') | _render_snapshot_item_evidence(patient.id, value, key_scope=f'baseline-context-{baseline.id}-{key}') | completeness.get('organized', []) | completeness.get('pending', []) | st.form_submit_button('创建修订版本') | session.commit() | HealthAssessmentService().confirm(session, baseline.id, 'health_manager') | HealthAssessmentService().complete_report_review_task(session, patient.id, UUID(report_id))",包含提交动作，请结合分支核对,True
streamlit_app.py,render_health_assessments,4439,form_submit_button,'创建修订版本',,,, ,"_render_evidence_action(_baseline_evidence_payload(session, patient.id, baseline), key_scope=f'baseline-{patient.id}-{baseline.id}') | _render_baseline_visualization(patient, baseline, audience='manager', key_prefix=f'manager-baseline-{baseline.id}') | st.form_submit_button('保存初稿') | _render_snapshot_item_evidence(patient.id, value, key_scope=f'baseline-context-{baseline.id}-{key}') | completeness.get('organized', []) | completeness.get('pending', []) | st.form_submit_button('创建修订版本') | session.commit() | HealthAssessmentService().confirm(session, baseline.id, 'health_manager') | HealthAssessmentService().complete_report_review_task(session, patient.id, UUID(report_id))",包含提交动作，请结合分支核对,False
streamlit_app.py,render_health_assessments,4455,expander,'查看健康评估历史',,,, ,"_render_evidence_action(_baseline_evidence_payload(session, patient.id, baseline), key_scope=f'baseline-{patient.id}-{baseline.id}') | _render_baseline_visualization(patient, baseline, audience='manager', key_prefix=f'manager-baseline-{baseline.id}') | st.form_submit_button('保存初稿') | _render_snapshot_item_evidence(patient.id, value, key_scope=f'baseline-context-{baseline.id}-{key}') | completeness.get('organized', []) | completeness.get('pending', []) | st.form_submit_button('创建修订版本') | session.commit() | HealthAssessmentService().confirm(session, baseline.id, 'health_manager') | HealthAssessmentService().complete_report_review_task(session, patient.id, UUID(report_id))",包含提交动作，请结合分支核对,True
streamlit_app.py,render_health_assessments,4459,expander,'建立年度健康基线初稿或阶段复评',,,, ,"_render_evidence_action(_baseline_evidence_payload(session, patient.id, baseline), key_scope=f'baseline-{patient.id}-{baseline.id}') | _render_baseline_visualization(patient, baseline, audience='manager', key_prefix=f'manager-baseline-{baseline.id}') | st.form_submit_button('保存初稿') | _render_snapshot_item_evidence(patient.id, value, key_scope=f'baseline-context-{baseline.id}-{key}') | completeness.get('organized', []) | completeness.get('pending', []) | st.form_submit_button('创建修订版本') | session.commit() | HealthAssessmentService().confirm(session, baseline.id, 'health_manager') | HealthAssessmentService().complete_report_review_task(session, patient.id, UUID(report_id))",包含提交动作，请结合分支核对,True
streamlit_app.py,render_health_assessments,4461,selectbox,'评估类型',,,"['BASELINE', 'REASSESSMENT']", ,"_render_evidence_action(_baseline_evidence_payload(session, patient.id, baseline), key_scope=f'baseline-{patient.id}-{baseline.id}') | _render_baseline_visualization(patient, baseline, audience='manager', key_prefix=f'manager-baseline-{baseline.id}') | st.form_submit_button('保存初稿') | _render_snapshot_item_evidence(patient.id, value, key_scope=f'baseline-context-{baseline.id}-{key}') | completeness.get('organized', []) | completeness.get('pending', []) | st.form_submit_button('创建修订版本') | session.commit() | HealthAssessmentService().confirm(session, baseline.id, 'health_manager') | HealthAssessmentService().complete_report_review_task(session, patient.id, UUID(report_id))",包含提交动作，请结合分支核对,True
streamlit_app.py,render_health_assessments,4464,checkbox,'包含需要医生确认的医学判断',,,, ,"_render_evidence_action(_baseline_evidence_payload(session, patient.id, baseline), key_scope=f'baseline-{patient.id}-{baseline.id}') | _render_baseline_visualization(patient, baseline, audience='manager', key_prefix=f'manager-baseline-{baseline.id}') | st.form_submit_button('保存初稿') | _render_snapshot_item_evidence(patient.id, value, key_scope=f'baseline-context-{baseline.id}-{key}') | completeness.get('organized', []) | completeness.get('pending', []) | st.form_submit_button('创建修订版本') | session.commit() | HealthAssessmentService().confirm(session, baseline.id, 'health_manager') | HealthAssessmentService().complete_report_review_task(session, patient.id, UUID(report_id))",包含提交动作，请结合分支核对,False
streamlit_app.py,render_health_assessments,4465,form_submit_button,'保存初稿',,,, ,"_render_evidence_action(_baseline_evidence_payload(session, patient.id, baseline), key_scope=f'baseline-{patient.id}-{baseline.id}') | _render_baseline_visualization(patient, baseline, audience='manager', key_prefix=f'manager-baseline-{baseline.id}') | st.form_submit_button('保存初稿') | _render_snapshot_item_evidence(patient.id, value, key_scope=f'baseline-context-{baseline.id}-{key}') | completeness.get('organized', []) | completeness.get('pending', []) | st.form_submit_button('创建修订版本') | session.commit() | HealthAssessmentService().confirm(session, baseline.id, 'health_manager') | HealthAssessmentService().complete_report_review_task(session, patient.id, UUID(report_id))",包含提交动作，请结合分支核对,False
streamlit_app.py,render_report_comparison,4514,selectbox,'较早报告',,f'compare-old-{patient.id}',documents, ,"_render_candidate_evidence_by_id(session, patient.id, item.get('previous_candidate_id'), key_scope=f'comparison-old-{patient.id}-{index}') | _render_candidate_evidence_by_id(session, patient.id, item.get('current_candidate_id'), key_scope=f'comparison-new-{patient.id}-{index}') | _render_candidate_evidence_by_id(session, patient.id, candidate_id, key_scope=f'comparison-finding-{period}-{patient.id}-{candidate_id}')",导航/筛选/选择/展示；见回调,True
streamlit_app.py,render_report_comparison,4515,selectbox,'较新报告',,f'compare-new-{patient.id}',documents, ,"_render_candidate_evidence_by_id(session, patient.id, item.get('previous_candidate_id'), key_scope=f'comparison-old-{patient.id}-{index}') | _render_candidate_evidence_by_id(session, patient.id, item.get('current_candidate_id'), key_scope=f'comparison-new-{patient.id}-{index}') | _render_candidate_evidence_by_id(session, patient.id, candidate_id, key_scope=f'comparison-finding-{period}-{patient.id}-{candidate_id}')",导航/筛选/选择/展示；见回调,True
streamlit_app.py,render_report_comparison,4526,expander,'逐项查看依据',,,, ,"_render_candidate_evidence_by_id(session, patient.id, item.get('previous_candidate_id'), key_scope=f'comparison-old-{patient.id}-{index}') | _render_candidate_evidence_by_id(session, patient.id, item.get('current_candidate_id'), key_scope=f'comparison-new-{patient.id}-{index}') | _render_candidate_evidence_by_id(session, patient.id, candidate_id, key_scope=f'comparison-finding-{period}-{patient.id}-{candidate_id}')",导航/筛选/选择/展示；见回调,True
streamlit_app.py,render_report_comparison,4543,expander,'检查结论的查看依据',,,, ,"_render_candidate_evidence_by_id(session, patient.id, item.get('previous_candidate_id'), key_scope=f'comparison-old-{patient.id}-{index}') | _render_candidate_evidence_by_id(session, patient.id, item.get('current_candidate_id'), key_scope=f'comparison-new-{patient.id}-{index}') | _render_candidate_evidence_by_id(session, patient.id, candidate_id, key_scope=f'comparison-finding-{period}-{patient.id}-{candidate_id}')",导航/筛选/选择/展示；见回调,True
streamlit_app.py,render_intervention_comparison,4564,selectbox,'指标',,f'intervention-metric-{patient.id}',codes, ,"_render_evidence_action({'source_name': '健康数据观察记录', 'location': _evidence_location_text(time_window=f'干预日前后各 {days} 天'), 'evidence_type': 'OBSERVATION', 'raw_evidence': f""干预前样本：{result.get('before_samples', '—')} 条；干预后样本：{result.get('after_samples', '—')} 条。"", 'structured_interpretation': '仅展示干预前后观察到的变化，不表示任何干预造成该变化。', 'confirmation_status': '健康数据有效记录', 'evidence_status': 'COMPLETE'}, key_scope=f'outcome-comparison-{patient.id}-{metric}-{started.isoformat()}-{days}')",导航/筛选/选择/展示；见回调,True
streamlit_app.py,render_intervention_comparison,4566,selectbox,'比较窗口',,f'intervention-window-{patient.id}',"[7, 14, 30]", ,"_render_evidence_action({'source_name': '健康数据观察记录', 'location': _evidence_location_text(time_window=f'干预日前后各 {days} 天'), 'evidence_type': 'OBSERVATION', 'raw_evidence': f""干预前样本：{result.get('before_samples', '—')} 条；干预后样本：{result.get('after_samples', '—')} 条。"", 'structured_interpretation': '仅展示干预前后观察到的变化，不表示任何干预造成该变化。', 'confirmation_status': '健康数据有效记录', 'evidence_status': 'COMPLETE'}, key_scope=f'outcome-comparison-{patient.id}-{metric}-{started.isoformat()}-{days}')",导航/筛选/选择/展示；见回调,True
streamlit_app.py,_timeline_lane_card,4847,button,label,,f'timeline-card-select-{side}-{key_scope}-{patient_id}-{event.group_key}',, ,,导航/筛选/选择/展示；见回调,False
streamlit_app.py,render_longitudinal_timeline,4991,button,label,,f'timeline-range-shortcut-{label}-{key_scope}-{patient.id}',, ,"st.session_state.get(selected_event_key) | st.session_state.get(selected_key) | _render_timeline_v4_trends(view) | _render_timeline_v4_summary(view.summary) | st.session_state.get(initialized_key) | st.session_state.pop(selected_key, None) | st.session_state.pop(selected_event_key, None) | _render_lifecycle_grid(rows, selected_event.group_key if selected_event else None, key_scope=key_scope, patient_id=patient.id) | _render_evidence_action(_timeline_evidence_payload(session, patient, event), key_scope=f'timeline-{key_scope}-{patient.id}-{event.group_key or event.related_entity}', client_view=client_view) | request_navigation(ops_page='成员', member_id=patient.id, member_section='医疗') | request_navigation(surface='成员健康中心', member_page='健康档案', member_id=patient.id, archive_view='用药与医疗') | request_navigation(ops_page='成员', member_id=patient.id, member_section='管理') | request_navigation(surface='成员健康中心', member_page='健康档案', member_id=patient.id, archive_view='体检与检查') | request_navigation(ops_page='成员', member_id=patient.id, member_section='健康', archive_view='体检与检查', report_document_id=details['document_id']) | request_navigation(ops_page='成员', member_id=patient.id, member_section='健康', archive_view='报告对比') | request_navigation(surface='成员健康中心', member_page='健康数据', member_id=patient.id, health_data_window=health_window) | request_navigation(ops_page='成员', member_id=patient.id, member_section='健康', archive_view='健康数据', health_data_window=health_window) | _render_evidence_action(_candidate_evidence_payload(finding, _document_for_member_evidence(session, patient.id, finding.document_id)), key_scope=f'timeline-report-finding-{key_scope}-{finding.id}', client_view=client_view)",导航/筛选/选择/展示；见回调,False
streamlit_app.py,render_longitudinal_timeline,5011,multiselect,'健康趋势（最多选择 4 项）',,f'timeline-metrics-{key_scope}-{patient.id}',, ,"st.session_state.get(selected_event_key) | st.session_state.get(selected_key) | _render_timeline_v4_trends(view) | _render_timeline_v4_summary(view.summary) | st.session_state.get(initialized_key) | st.session_state.pop(selected_key, None) | st.session_state.pop(selected_event_key, None) | _render_lifecycle_grid(rows, selected_event.group_key if selected_event else None, key_scope=key_scope, patient_id=patient.id) | _render_evidence_action(_timeline_evidence_payload(session, patient, event), key_scope=f'timeline-{key_scope}-{patient.id}-{event.group_key or event.related_entity}', client_view=client_view) | request_navigation(ops_page='成员', member_id=patient.id, member_section='医疗') | request_navigation(surface='成员健康中心', member_page='健康档案', member_id=patient.id, archive_view='用药与医疗') | request_navigation(ops_page='成员', member_id=patient.id, member_section='管理') | request_navigation(surface='成员健康中心', member_page='健康档案', member_id=patient.id, archive_view='体检与检查') | request_navigation(ops_page='成员', member_id=patient.id, member_section='健康', archive_view='体检与检查', report_document_id=details['document_id']) | request_navigation(ops_page='成员', member_id=patient.id, member_section='健康', archive_view='报告对比') | request_navigation(surface='成员健康中心', member_page='健康数据', member_id=patient.id, health_data_window=health_window) | request_navigation(ops_page='成员', member_id=patient.id, member_section='健康', archive_view='健康数据', health_data_window=health_window) | _render_evidence_action(_candidate_evidence_payload(finding, _document_for_member_evidence(session, patient.id, finding.document_id)), key_scope=f'timeline-report-finding-{key_scope}-{finding.id}', client_view=client_view)",导航/筛选/选择/展示；见回调,False
streamlit_app.py,render_longitudinal_timeline,5034,radio,'事件筛选',,f'timeline-category-{key_scope}-{patient.id}',"['全部', '体检', '健康数据', '风险', '用药', '医疗', '健康管理', '服务']", ,"st.session_state.get(selected_event_key) | st.session_state.get(selected_key) | _render_timeline_v4_trends(view) | _render_timeline_v4_summary(view.summary) | st.session_state.get(initialized_key) | st.session_state.pop(selected_key, None) | st.session_state.pop(selected_event_key, None) | _render_lifecycle_grid(rows, selected_event.group_key if selected_event else None, key_scope=key_scope, patient_id=patient.id) | _render_evidence_action(_timeline_evidence_payload(session, patient, event), key_scope=f'timeline-{key_scope}-{patient.id}-{event.group_key or event.related_entity}', client_view=client_view) | request_navigation(ops_page='成员', member_id=patient.id, member_section='医疗') | request_navigation(surface='成员健康中心', member_page='健康档案', member_id=patient.id, archive_view='用药与医疗') | request_navigation(ops_page='成员', member_id=patient.id, member_section='管理') | request_navigation(surface='成员健康中心', member_page='健康档案', member_id=patient.id, archive_view='体检与检查') | request_navigation(ops_page='成员', member_id=patient.id, member_section='健康', archive_view='体检与检查', report_document_id=details['document_id']) | request_navigation(ops_page='成员', member_id=patient.id, member_section='健康', archive_view='报告对比') | request_navigation(surface='成员健康中心', member_page='健康数据', member_id=patient.id, health_data_window=health_window) | request_navigation(ops_page='成员', member_id=patient.id, member_section='健康', archive_view='健康数据', health_data_window=health_window) | _render_evidence_action(_candidate_evidence_payload(finding, _document_for_member_evidence(session, patient.id, finding.document_id)), key_scope=f'timeline-report-finding-{key_scope}-{finding.id}', client_view=client_view)",导航/筛选/选择/展示；见回调,True
streamlit_app.py,render_longitudinal_timeline,5094,button,'查看当前时间范围健康数据',,f'timeline-data-{key_scope}-window',, ,"st.session_state.get(selected_event_key) | st.session_state.get(selected_key) | _render_timeline_v4_trends(view) | _render_timeline_v4_summary(view.summary) | st.session_state.get(initialized_key) | st.session_state.pop(selected_key, None) | st.session_state.pop(selected_event_key, None) | _render_lifecycle_grid(rows, selected_event.group_key if selected_event else None, key_scope=key_scope, patient_id=patient.id) | _render_evidence_action(_timeline_evidence_payload(session, patient, event), key_scope=f'timeline-{key_scope}-{patient.id}-{event.group_key or event.related_entity}', client_view=client_view) | request_navigation(ops_page='成员', member_id=patient.id, member_section='医疗') | request_navigation(surface='成员健康中心', member_page='健康档案', member_id=patient.id, archive_view='用药与医疗') | request_navigation(ops_page='成员', member_id=patient.id, member_section='管理') | request_navigation(surface='成员健康中心', member_page='健康档案', member_id=patient.id, archive_view='体检与检查') | request_navigation(ops_page='成员', member_id=patient.id, member_section='健康', archive_view='体检与检查', report_document_id=details['document_id']) | request_navigation(ops_page='成员', member_id=patient.id, member_section='健康', archive_view='报告对比') | request_navigation(surface='成员健康中心', member_page='健康数据', member_id=patient.id, health_data_window=health_window) | request_navigation(ops_page='成员', member_id=patient.id, member_section='健康', archive_view='健康数据', health_data_window=health_window) | _render_evidence_action(_candidate_evidence_payload(finding, _document_for_member_evidence(session, patient.id, finding.document_id)), key_scope=f'timeline-report-finding-{key_scope}-{finding.id}', client_view=client_view)",导航/筛选/选择/展示；见回调,False
streamlit_app.py,render_longitudinal_timeline,5229,button,'查看体检报告',,f'timeline-member-report-{event.related_entity}',, ,"st.session_state.get(selected_event_key) | st.session_state.get(selected_key) | _render_timeline_v4_trends(view) | _render_timeline_v4_summary(view.summary) | st.session_state.get(initialized_key) | st.session_state.pop(selected_key, None) | st.session_state.pop(selected_event_key, None) | _render_lifecycle_grid(rows, selected_event.group_key if selected_event else None, key_scope=key_scope, patient_id=patient.id) | _render_evidence_action(_timeline_evidence_payload(session, patient, event), key_scope=f'timeline-{key_scope}-{patient.id}-{event.group_key or event.related_entity}', client_view=client_view) | request_navigation(ops_page='成员', member_id=patient.id, member_section='医疗') | request_navigation(surface='成员健康中心', member_page='健康档案', member_id=patient.id, archive_view='用药与医疗') | request_navigation(ops_page='成员', member_id=patient.id, member_section='管理') | request_navigation(surface='成员健康中心', member_page='健康档案', member_id=patient.id, archive_view='体检与检查') | request_navigation(ops_page='成员', member_id=patient.id, member_section='健康', archive_view='体检与检查', report_document_id=details['document_id']) | request_navigation(ops_page='成员', member_id=patient.id, member_section='健康', archive_view='报告对比') | request_navigation(surface='成员健康中心', member_page='健康数据', member_id=patient.id, health_data_window=health_window) | request_navigation(ops_page='成员', member_id=patient.id, member_section='健康', archive_view='健康数据', health_data_window=health_window) | _render_evidence_action(_candidate_evidence_payload(finding, _document_for_member_evidence(session, patient.id, finding.document_id)), key_scope=f'timeline-report-finding-{key_scope}-{finding.id}', client_view=client_view)",导航/筛选/选择/展示；见回调,False
streamlit_app.py,render_longitudinal_timeline,5237,button,'查看完整体检',,f'timeline-report-{event.related_entity}',, ,"st.session_state.get(selected_event_key) | st.session_state.get(selected_key) | _render_timeline_v4_trends(view) | _render_timeline_v4_summary(view.summary) | st.session_state.get(initialized_key) | st.session_state.pop(selected_key, None) | st.session_state.pop(selected_event_key, None) | _render_lifecycle_grid(rows, selected_event.group_key if selected_event else None, key_scope=key_scope, patient_id=patient.id) | _render_evidence_action(_timeline_evidence_payload(session, patient, event), key_scope=f'timeline-{key_scope}-{patient.id}-{event.group_key or event.related_entity}', client_view=client_view) | request_navigation(ops_page='成员', member_id=patient.id, member_section='医疗') | request_navigation(surface='成员健康中心', member_page='健康档案', member_id=patient.id, archive_view='用药与医疗') | request_navigation(ops_page='成员', member_id=patient.id, member_section='管理') | request_navigation(surface='成员健康中心', member_page='健康档案', member_id=patient.id, archive_view='体检与检查') | request_navigation(ops_page='成员', member_id=patient.id, member_section='健康', archive_view='体检与检查', report_document_id=details['document_id']) | request_navigation(ops_page='成员', member_id=patient.id, member_section='健康', archive_view='报告对比') | request_navigation(surface='成员健康中心', member_page='健康数据', member_id=patient.id, health_data_window=health_window) | request_navigation(ops_page='成员', member_id=patient.id, member_section='健康', archive_view='健康数据', health_data_window=health_window) | _render_evidence_action(_candidate_evidence_payload(finding, _document_for_member_evidence(session, patient.id, finding.document_id)), key_scope=f'timeline-report-finding-{key_scope}-{finding.id}', client_view=client_view)",导航/筛选/选择/展示；见回调,False
streamlit_app.py,render_longitudinal_timeline,5242,button,'查看新旧报告对比',,f'timeline-report-comparison-{event.related_entity}',, ,"st.session_state.get(selected_event_key) | st.session_state.get(selected_key) | _render_timeline_v4_trends(view) | _render_timeline_v4_summary(view.summary) | st.session_state.get(initialized_key) | st.session_state.pop(selected_key, None) | st.session_state.pop(selected_event_key, None) | _render_lifecycle_grid(rows, selected_event.group_key if selected_event else None, key_scope=key_scope, patient_id=patient.id) | _render_evidence_action(_timeline_evidence_payload(session, patient, event), key_scope=f'timeline-{key_scope}-{patient.id}-{event.group_key or event.related_entity}', client_view=client_view) | request_navigation(ops_page='成员', member_id=patient.id, member_section='医疗') | request_navigation(surface='成员健康中心', member_page='健康档案', member_id=patient.id, archive_view='用药与医疗') | request_navigation(ops_page='成员', member_id=patient.id, member_section='管理') | request_navigation(surface='成员健康中心', member_page='健康档案', member_id=patient.id, archive_view='体检与检查') | request_navigation(ops_page='成员', member_id=patient.id, member_section='健康', archive_view='体检与检查', report_document_id=details['document_id']) | request_navigation(ops_page='成员', member_id=patient.id, member_section='健康', archive_view='报告对比') | request_navigation(surface='成员健康中心', member_page='健康数据', member_id=patient.id, health_data_window=health_window) | request_navigation(ops_page='成员', member_id=patient.id, member_section='健康', archive_view='健康数据', health_data_window=health_window) | _render_evidence_action(_candidate_evidence_payload(finding, _document_for_member_evidence(session, patient.id, finding.document_id)), key_scope=f'timeline-report-finding-{key_scope}-{finding.id}', client_view=client_view)",导航/筛选/选择/展示；见回调,False
streamlit_app.py,render_longitudinal_timeline,5252,button,'查看这段时间的完整健康数据',,f'timeline-data-{key_scope}-{event.group_key}',, ,"st.session_state.get(selected_event_key) | st.session_state.get(selected_key) | _render_timeline_v4_trends(view) | _render_timeline_v4_summary(view.summary) | st.session_state.get(initialized_key) | st.session_state.pop(selected_key, None) | st.session_state.pop(selected_event_key, None) | _render_lifecycle_grid(rows, selected_event.group_key if selected_event else None, key_scope=key_scope, patient_id=patient.id) | _render_evidence_action(_timeline_evidence_payload(session, patient, event), key_scope=f'timeline-{key_scope}-{patient.id}-{event.group_key or event.related_entity}', client_view=client_view) | request_navigation(ops_page='成员', member_id=patient.id, member_section='医疗') | request_navigation(surface='成员健康中心', member_page='健康档案', member_id=patient.id, archive_view='用药与医疗') | request_navigation(ops_page='成员', member_id=patient.id, member_section='管理') | request_navigation(surface='成员健康中心', member_page='健康档案', member_id=patient.id, archive_view='体检与检查') | request_navigation(ops_page='成员', member_id=patient.id, member_section='健康', archive_view='体检与检查', report_document_id=details['document_id']) | request_navigation(ops_page='成员', member_id=patient.id, member_section='健康', archive_view='报告对比') | request_navigation(surface='成员健康中心', member_page='健康数据', member_id=patient.id, health_data_window=health_window) | request_navigation(ops_page='成员', member_id=patient.id, member_section='健康', archive_view='健康数据', health_data_window=health_window) | _render_evidence_action(_candidate_evidence_payload(finding, _document_for_member_evidence(session, patient.id, finding.document_id)), key_scope=f'timeline-report-finding-{key_scope}-{finding.id}', client_view=client_view)",导航/筛选/选择/展示；见回调,False
streamlit_app.py,render_longitudinal_timeline,5268,button,'查看手术履历详情',,f'timeline-procedure-{event.group_key}',, ,"st.session_state.get(selected_event_key) | st.session_state.get(selected_key) | _render_timeline_v4_trends(view) | _render_timeline_v4_summary(view.summary) | st.session_state.get(initialized_key) | st.session_state.pop(selected_key, None) | st.session_state.pop(selected_event_key, None) | _render_lifecycle_grid(rows, selected_event.group_key if selected_event else None, key_scope=key_scope, patient_id=patient.id) | _render_evidence_action(_timeline_evidence_payload(session, patient, event), key_scope=f'timeline-{key_scope}-{patient.id}-{event.group_key or event.related_entity}', client_view=client_view) | request_navigation(ops_page='成员', member_id=patient.id, member_section='医疗') | request_navigation(surface='成员健康中心', member_page='健康档案', member_id=patient.id, archive_view='用药与医疗') | request_navigation(ops_page='成员', member_id=patient.id, member_section='管理') | request_navigation(surface='成员健康中心', member_page='健康档案', member_id=patient.id, archive_view='体检与检查') | request_navigation(ops_page='成员', member_id=patient.id, member_section='健康', archive_view='体检与检查', report_document_id=details['document_id']) | request_navigation(ops_page='成员', member_id=patient.id, member_section='健康', archive_view='报告对比') | request_navigation(surface='成员健康中心', member_page='健康数据', member_id=patient.id, health_data_window=health_window) | request_navigation(ops_page='成员', member_id=patient.id, member_section='健康', archive_view='健康数据', health_data_window=health_window) | _render_evidence_action(_candidate_evidence_payload(finding, _document_for_member_evidence(session, patient.id, finding.document_id)), key_scope=f'timeline-report-finding-{key_scope}-{finding.id}', client_view=client_view)",导航/筛选/选择/展示；见回调,False
streamlit_app.py,render_longitudinal_timeline,5273,button,'查看用药与医疗',,f'timeline-member-medication-{event.group_key}',, ,"st.session_state.get(selected_event_key) | st.session_state.get(selected_key) | _render_timeline_v4_trends(view) | _render_timeline_v4_summary(view.summary) | st.session_state.get(initialized_key) | st.session_state.pop(selected_key, None) | st.session_state.pop(selected_event_key, None) | _render_lifecycle_grid(rows, selected_event.group_key if selected_event else None, key_scope=key_scope, patient_id=patient.id) | _render_evidence_action(_timeline_evidence_payload(session, patient, event), key_scope=f'timeline-{key_scope}-{patient.id}-{event.group_key or event.related_entity}', client_view=client_view) | request_navigation(ops_page='成员', member_id=patient.id, member_section='医疗') | request_navigation(surface='成员健康中心', member_page='健康档案', member_id=patient.id, archive_view='用药与医疗') | request_navigation(ops_page='成员', member_id=patient.id, member_section='管理') | request_navigation(surface='成员健康中心', member_page='健康档案', member_id=patient.id, archive_view='体检与检查') | request_navigation(ops_page='成员', member_id=patient.id, member_section='健康', archive_view='体检与检查', report_document_id=details['document_id']) | request_navigation(ops_page='成员', member_id=patient.id, member_section='健康', archive_view='报告对比') | request_navigation(surface='成员健康中心', member_page='健康数据', member_id=patient.id, health_data_window=health_window) | request_navigation(ops_page='成员', member_id=patient.id, member_section='健康', archive_view='健康数据', health_data_window=health_window) | _render_evidence_action(_candidate_evidence_payload(finding, _document_for_member_evidence(session, patient.id, finding.document_id)), key_scope=f'timeline-report-finding-{key_scope}-{finding.id}', client_view=client_view)",导航/筛选/选择/展示；见回调,False
streamlit_app.py,render_longitudinal_timeline,5290,button,'查看前后对比',,f'timeline-outcome-{event.group_key}',, ,"st.session_state.get(selected_event_key) | st.session_state.get(selected_key) | _render_timeline_v4_trends(view) | _render_timeline_v4_summary(view.summary) | st.session_state.get(initialized_key) | st.session_state.pop(selected_key, None) | st.session_state.pop(selected_event_key, None) | _render_lifecycle_grid(rows, selected_event.group_key if selected_event else None, key_scope=key_scope, patient_id=patient.id) | _render_evidence_action(_timeline_evidence_payload(session, patient, event), key_scope=f'timeline-{key_scope}-{patient.id}-{event.group_key or event.related_entity}', client_view=client_view) | request_navigation(ops_page='成员', member_id=patient.id, member_section='医疗') | request_navigation(surface='成员健康中心', member_page='健康档案', member_id=patient.id, archive_view='用药与医疗') | request_navigation(ops_page='成员', member_id=patient.id, member_section='管理') | request_navigation(surface='成员健康中心', member_page='健康档案', member_id=patient.id, archive_view='体检与检查') | request_navigation(ops_page='成员', member_id=patient.id, member_section='健康', archive_view='体检与检查', report_document_id=details['document_id']) | request_navigation(ops_page='成员', member_id=patient.id, member_section='健康', archive_view='报告对比') | request_navigation(surface='成员健康中心', member_page='健康数据', member_id=patient.id, health_data_window=health_window) | request_navigation(ops_page='成员', member_id=patient.id, member_section='健康', archive_view='健康数据', health_data_window=health_window) | _render_evidence_action(_candidate_evidence_payload(finding, _document_for_member_evidence(session, patient.id, finding.document_id)), key_scope=f'timeline-report-finding-{key_scope}-{finding.id}', client_view=client_view)",导航/筛选/选择/展示；见回调,False
streamlit_app.py,render_member_report_upload,5307,file_uploader,'选择最近一次体检报告',,f'member-report-file-{patient.id}',, ,"st.session_state.get(f'member-report-document-{patient.id}') | _render_evidence_action(_candidate_evidence_payload(item, document), key_scope=f'member-upload-evidence-{patient.id}-{item.id}', client_view=True) | st.session_state.get(parsing_key) | session.commit()",包含提交动作，请结合分支核对,False
streamlit_app.py,render_member_report_upload,5315,button,'上传并整理报告',,f'member-report-parse-{patient.id}',, ,"st.session_state.get(f'member-report-document-{patient.id}') | _render_evidence_action(_candidate_evidence_payload(item, document), key_scope=f'member-upload-evidence-{patient.id}-{item.id}', client_view=True) | st.session_state.get(parsing_key) | session.commit()",包含提交动作，请结合分支核对,False
streamlit_app.py,render_member_report_upload,5383,expander,'查看分类结果',,,, ,"st.session_state.get(f'member-report-document-{patient.id}') | _render_evidence_action(_candidate_evidence_payload(item, document), key_scope=f'member-upload-evidence-{patient.id}-{item.id}', client_view=True) | st.session_state.get(parsing_key) | session.commit()",包含提交动作，请结合分支核对,True
streamlit_app.py,render_member_report_upload,5400,expander,'查看依据',,,, ,"st.session_state.get(f'member-report-document-{patient.id}') | _render_evidence_action(_candidate_evidence_payload(item, document), key_scope=f'member-upload-evidence-{patient.id}-{item.id}', client_view=True) | st.session_state.get(parsing_key) | session.commit()",包含提交动作，请结合分支核对,True
streamlit_app.py,_render_member_baseline_center,5418,selectbox,'查看年度',,f'member-baseline-year-{patient.id}',years, ,"render_member_report_upload(patient) | _render_evidence_action(_baseline_evidence_payload(session, patient.id, baseline), key_scope=f'client-baseline-{patient.id}-{baseline.id}', client_view=True) | _render_baseline_visualization(patient, baseline, audience='member', key_prefix=f'member-baseline-{baseline.id}') | st.form_submit_button('提交给健康管理团队') | _render_snapshot_item_evidence(patient.id, value, key_scope=f'client-baseline-context-{baseline.id}-{key}', client_view=True) | completeness.get('pending', []) | session.commit()",包含提交动作，请结合分支核对,True
streamlit_app.py,_render_member_baseline_center,5438,expander,'补充我的健康资料',,,, ,"render_member_report_upload(patient) | _render_evidence_action(_baseline_evidence_payload(session, patient.id, baseline), key_scope=f'client-baseline-{patient.id}-{baseline.id}', client_view=True) | _render_baseline_visualization(patient, baseline, audience='member', key_prefix=f'member-baseline-{baseline.id}') | st.form_submit_button('提交给健康管理团队') | _render_snapshot_item_evidence(patient.id, value, key_scope=f'client-baseline-context-{baseline.id}-{key}', client_view=True) | completeness.get('pending', []) | session.commit()",包含提交动作，请结合分支核对,True
streamlit_app.py,_render_member_baseline_center,5445,form_submit_button,'提交给健康管理团队',,,, ,"render_member_report_upload(patient) | _render_evidence_action(_baseline_evidence_payload(session, patient.id, baseline), key_scope=f'client-baseline-{patient.id}-{baseline.id}', client_view=True) | _render_baseline_visualization(patient, baseline, audience='member', key_prefix=f'member-baseline-{baseline.id}') | st.form_submit_button('提交给健康管理团队') | _render_snapshot_item_evidence(patient.id, value, key_scope=f'client-baseline-context-{baseline.id}-{key}', client_view=True) | completeness.get('pending', []) | session.commit()",包含提交动作，请结合分支核对,False
streamlit_app.py,_render_member_baseline_center,5468,expander,'重要健康背景',,,, ,"render_member_report_upload(patient) | _render_evidence_action(_baseline_evidence_payload(session, patient.id, baseline), key_scope=f'client-baseline-{patient.id}-{baseline.id}', client_view=True) | _render_baseline_visualization(patient, baseline, audience='member', key_prefix=f'member-baseline-{baseline.id}') | st.form_submit_button('提交给健康管理团队') | _render_snapshot_item_evidence(patient.id, value, key_scope=f'client-baseline-context-{baseline.id}-{key}', client_view=True) | completeness.get('pending', []) | session.commit()",包含提交动作，请结合分支核对,True
streamlit_app.py,_render_member_center_baseline_entry,5495,button,'查看健康基线初稿',,f'member-baseline-open-{patient.id}',, ,_open_member_report_upload(patient.id),导航/筛选/选择/展示；见回调,False
streamlit_app.py,_render_member_center_baseline_entry,5501,button,'上传最近体检报告',,f'member-baseline-upload-{patient.id}',, ,_open_member_report_upload(patient.id),导航/筛选/选择/展示；见回调,False
streamlit_app.py,_render_member_center_baseline_entry,5506,button,'查看完整健康基线',,f'member-baseline-open-{patient.id}',, ,_open_member_report_upload(patient.id),导航/筛选/选择/展示；见回调,False
streamlit_app.py,_render_client_report_intake_entry,5571,button,label,,"f""client-report-upload-permanent-{('home' if compact else 'archive')}-{patient.id}""",, ,"_open_member_report_upload(patient.id) | request_navigation(surface='成员健康中心', member_page='健康档案', member_id=patient.id, archive_view='体检与检查')",导航/筛选/选择/展示；见回调,False
streamlit_app.py,_render_client_report_intake_entry,5579,button,'查看体检与检查',,"f""client-report-open-{('home' if compact else 'archive')}-{patient.id}""",, ,"_open_member_report_upload(patient.id) | request_navigation(surface='成员健康中心', member_page='健康档案', member_id=patient.id, archive_view='体检与检查')",导航/筛选/选择/展示；见回调,False
streamlit_app.py,render_member_service_management,5609,data_table,requests,,f'member-service-grid-{patient.id}',, ,"session.commit() | MemberServiceOperations().approve(session, request.id, '健康管理师') | st.form_submit_button('确认服务安排') | st.form_submit_button('记录服务完成') | _render_evidence_action({'source_name': '服务执行记录', 'location': '服务结果记录', 'evidence_type': 'TEXT', 'raw_evidence': request.result_summary or '当前未保存结果摘要。', 'structured_interpretation': '服务完成结果由健康管理团队记录。', 'confirmation_status': _label(request.status, context='service_request'), 'evidence_status': 'PARTIAL', 'show_no_knowledge': True}, key_scope=f'ops-service-evidence-{request.id}') | MemberServiceOperations().complete(session, request.id, result, request.assigned_manager or '健康管理师', completion_evidence=evidence, next_action=next_action)",包含提交动作，请结合分支核对,True
streamlit_app.py,render_member_service_management,5616,button,'审核服务申请',,f'service-approve-{request.id}',, ,"session.commit() | MemberServiceOperations().approve(session, request.id, '健康管理师') | st.form_submit_button('确认服务安排') | st.form_submit_button('记录服务完成') | _render_evidence_action({'source_name': '服务执行记录', 'location': '服务结果记录', 'evidence_type': 'TEXT', 'raw_evidence': request.result_summary or '当前未保存结果摘要。', 'structured_interpretation': '服务完成结果由健康管理团队记录。', 'confirmation_status': _label(request.status, context='service_request'), 'evidence_status': 'PARTIAL', 'show_no_knowledge': True}, key_scope=f'ops-service-evidence-{request.id}') | MemberServiceOperations().complete(session, request.id, result, request.assigned_manager or '健康管理师', completion_evidence=evidence, next_action=next_action)",包含提交动作，请结合分支核对,False
streamlit_app.py,render_member_service_management,5626,form_submit_button,'确认服务安排',,,, ,"session.commit() | MemberServiceOperations().approve(session, request.id, '健康管理师') | st.form_submit_button('确认服务安排') | st.form_submit_button('记录服务完成') | _render_evidence_action({'source_name': '服务执行记录', 'location': '服务结果记录', 'evidence_type': 'TEXT', 'raw_evidence': request.result_summary or '当前未保存结果摘要。', 'structured_interpretation': '服务完成结果由健康管理团队记录。', 'confirmation_status': _label(request.status, context='service_request'), 'evidence_status': 'PARTIAL', 'show_no_knowledge': True}, key_scope=f'ops-service-evidence-{request.id}') | MemberServiceOperations().complete(session, request.id, result, request.assigned_manager or '健康管理师', completion_evidence=evidence, next_action=next_action)",包含提交动作，请结合分支核对,False
streamlit_app.py,render_member_service_management,5632,button,'记录开始服务',,f'service-start-{request.id}',, ,"session.commit() | MemberServiceOperations().approve(session, request.id, '健康管理师') | st.form_submit_button('确认服务安排') | st.form_submit_button('记录服务完成') | _render_evidence_action({'source_name': '服务执行记录', 'location': '服务结果记录', 'evidence_type': 'TEXT', 'raw_evidence': request.result_summary or '当前未保存结果摘要。', 'structured_interpretation': '服务完成结果由健康管理团队记录。', 'confirmation_status': _label(request.status, context='service_request'), 'evidence_status': 'PARTIAL', 'show_no_knowledge': True}, key_scope=f'ops-service-evidence-{request.id}') | MemberServiceOperations().complete(session, request.id, result, request.assigned_manager or '健康管理师', completion_evidence=evidence, next_action=next_action)",包含提交动作，请结合分支核对,False
streamlit_app.py,render_member_service_management,5642,form_submit_button,'记录服务完成',,,, ,"session.commit() | MemberServiceOperations().approve(session, request.id, '健康管理师') | st.form_submit_button('确认服务安排') | st.form_submit_button('记录服务完成') | _render_evidence_action({'source_name': '服务执行记录', 'location': '服务结果记录', 'evidence_type': 'TEXT', 'raw_evidence': request.result_summary or '当前未保存结果摘要。', 'structured_interpretation': '服务完成结果由健康管理团队记录。', 'confirmation_status': _label(request.status, context='service_request'), 'evidence_status': 'PARTIAL', 'show_no_knowledge': True}, key_scope=f'ops-service-evidence-{request.id}') | MemberServiceOperations().complete(session, request.id, result, request.assigned_manager or '健康管理师', completion_evidence=evidence, next_action=next_action)",包含提交动作，请结合分支核对,False
streamlit_app.py,_render_client_service,5669,radio,'服务内容',,f'client-service-view-{patient.id}',"['我的申请', '可用服务', '服务记录']", ,session.commit() | st.session_state.get(selected_key),包含提交动作，请结合分支核对,True
streamlit_app.py,_render_client_service,5680,data_table,rows,,f'client-services-{patient.id}',, ,session.commit() | st.session_state.get(selected_key),包含提交动作，请结合分支核对,True
streamlit_app.py,_render_client_service,5718,selectbox,'服务分类',,f'client-service-category-filter-{patient.id}',categories, ,session.commit() | st.session_state.get(selected_key),包含提交动作，请结合分支核对,True
streamlit_app.py,_render_client_service,5738,primary_action,'申请服务',,f'member-service-request-{item.id}',, ,session.commit() | st.session_state.get(selected_key),包含提交动作，请结合分支核对,False
streamlit_app.py,_render_client_profile,5748,radio,'个人设置内容',,f'client-profile-view-{patient.id}',"['资料', '设备与数据', '隐私授权']", ,IngestionJob.completed_at.desc() | session.commit(),包含提交动作，请结合分支核对,True
streamlit_app.py,_render_client_profile,5775,link_button,'连接 Apple 健康',,,, ,IngestionJob.completed_at.desc() | session.commit(),包含提交动作，请结合分支核对,True
streamlit_app.py,_render_client_profile,5794,button,label,,f'member-consent-{scope}-{patient.id}',, ,IngestionJob.completed_at.desc() | session.commit(),包含提交动作，请结合分支核对,False
streamlit_app.py,_render_client_medical_archive,5849,radio,'医疗档案内容',,f'client-medical-section-{patient.id}',"['用药', '手术住院', '医生意见', '病史']", ,confirmed_records(patient.id) | st.session_state.get(selected_key),导航/筛选/选择/展示；见回调,True
streamlit_app.py,_render_client_medical_archive,5883,expander,f'{_fmt_dt(item.reviewed_at)} · 医生反馈',,,, ,confirmed_records(patient.id) | st.session_state.get(selected_key),导航/筛选/选择/展示；见回调,True
streamlit_app.py,_render_client_medical_archive,5893,data_table,rows,,f'member-history-{patient.id}',, ,confirmed_records(patient.id) | st.session_state.get(selected_key),导航/筛选/选择/展示；见回调,True
streamlit_app.py,_render_client_medical_archive,5894,expander,'健康背景详情 · ' + ux.business_text(item.title),,,, ,confirmed_records(patient.id) | st.session_state.get(selected_key),导航/筛选/选择/展示；见回调,True
streamlit_app.py,render_client_health_hub,5910,radio,'健康内容',,key,allowed, ,"st.session_state.get(key) | _render_client_health_overview(patient, ctx) | _render_client_checkup_page(patient) | _render_client_medical_archive(patient)",导航/筛选/选择/展示；见回调,True
streamlit_app.py,render_member_client_view,5925,popover,'个人设置',,,, ,"_render_client_home(patient, ctx) | render_client_health_hub(patient, ctx) | _render_client_plan(patient, ctx) | _render_client_service(patient, ctx) | _render_client_profile(patient)",导航/筛选/选择/展示；见回调,True
streamlit_app.py,render_member_client_view,5926,button,'查看个人资料',,'member-profile-open-button',, ,"_render_client_home(patient, ctx) | render_client_health_hub(patient, ctx) | _render_client_plan(patient, ctx) | _render_client_service(patient, ctx) | _render_client_profile(patient)",导航/筛选/选择/展示；见回调,False
streamlit_app.py,render_global_alert_workspace,5948,selectbox,'选择成员',,'alert-member',members, ,"render_alerts(member, ctx)",导航/筛选/选择/展示；见回调,True
streamlit_app.py,render_external_doctor_workspace,5971,radio,'外部医疗状态',,'external-medical-filter',list(filters), ,st.form_submit_button('登记外部协同') | st.session_state.get(selected_key) | session.commit(),包含提交动作，请结合分支核对,True
streamlit_app.py,render_external_doctor_workspace,6000,expander,'登记外部医生协同',,,, ,st.form_submit_button('登记外部协同') | st.session_state.get(selected_key) | session.commit(),包含提交动作，请结合分支核对,True
streamlit_app.py,render_external_doctor_workspace,6002,selectbox,'成员',,,members, ,st.form_submit_button('登记外部协同') | st.session_state.get(selected_key) | session.commit(),包含提交动作，请结合分支核对,True
streamlit_app.py,render_external_doctor_workspace,6004,selectbox,'关联内部医生复核（可选）',,,"[None, *available_reviews]", ,st.form_submit_button('登记外部协同') | st.session_state.get(selected_key) | session.commit(),包含提交动作，请结合分支核对,True
streamlit_app.py,render_external_doctor_workspace,6010,form_submit_button,'登记外部协同',,,, ,st.form_submit_button('登记外部协同') | st.session_state.get(selected_key) | session.commit(),包含提交动作，请结合分支核对,False
streamlit_app.py,render_demo_story,6027,button,'进入成员的完整处理记录',_open_member,,,"(demo.id,) ","render_timeline(demo, _context(demo.id))",导航/筛选/选择/展示；见回调,False
streamlit_app.py,render_data_gateway,6062,radio,'数据设备功能',,'device-workspace',"['设备概览', '数据复核', '上传健康资料']", ,"render_member_device_assignments(members) | _render_data_upload_workspace(members, jobs, records) | _render_data_review_queue(records)",导航/筛选/选择/展示；见回调,True
streamlit_app.py,_render_data_upload_workspace,6088,selectbox,'接入成员',,'gateway-member',members, ,"render_report_upload(member, key_prefix='gateway') | _render_data_review_queue(records) | session.commit()",包含提交动作，请结合分支核对,True
streamlit_app.py,_render_data_upload_workspace,6094,file_uploader,'选择文件',,'gateway-file',, ,"render_report_upload(member, key_prefix='gateway') | _render_data_review_queue(records) | session.commit()",包含提交动作，请结合分支核对,False
streamlit_app.py,_render_data_upload_workspace,6095,checkbox,'仅预览，不写入数据库',,,, ,"render_report_upload(member, key_prefix='gateway') | _render_data_review_queue(records) | session.commit()",包含提交动作，请结合分支核对,False
streamlit_app.py,_render_data_upload_workspace,6096,button,'上传文件',,,, ,"render_report_upload(member, key_prefix='gateway') | _render_data_review_queue(records) | session.commit()",包含提交动作，请结合分支核对,False
streamlit_app.py,_render_data_upload_workspace,6113,expander,'高级信息',,,, ,"render_report_upload(member, key_prefix='gateway') | _render_data_review_queue(records) | session.commit()",包含提交动作，请结合分支核对,True
streamlit_app.py,_render_data_upload_workspace,6115,button,'同步演示血压设备数据',,,, ,"render_report_upload(member, key_prefix='gateway') | _render_data_review_queue(records) | session.commit()",包含提交动作，请结合分支核对,False
streamlit_app.py,_render_data_upload_workspace,6120,button,'同步演示 Oura 数据',,,, ,"render_report_upload(member, key_prefix='gateway') | _render_data_review_queue(records) | session.commit()",包含提交动作，请结合分支核对,False
streamlit_app.py,_render_data_upload_workspace,6125,button,'同步演示 Apple Health 数据',,,, ,"render_report_upload(member, key_prefix='gateway') | _render_data_review_queue(records) | session.commit()",包含提交动作，请结合分支核对,False
streamlit_app.py,_render_data_upload_workspace,6132,expander,'高级信息：备用导入流程',,,, ,"render_report_upload(member, key_prefix='gateway') | _render_data_review_queue(records) | session.commit()",包含提交动作，请结合分支核对,True
streamlit_app.py,_render_data_upload_workspace,6134,file_uploader,'选择演示用 CSV、Excel 或 PDF 文件',,'gateway-file-advanced',, ,"render_report_upload(member, key_prefix='gateway') | _render_data_review_queue(records) | session.commit()",包含提交动作，请结合分支核对,False
streamlit_app.py,_render_data_upload_workspace,6135,checkbox,'仅预览，不写入数据库',,'gateway-dry-run-advanced',, ,"render_report_upload(member, key_prefix='gateway') | _render_data_review_queue(records) | session.commit()",包含提交动作，请结合分支核对,False
streamlit_app.py,_render_data_upload_workspace,6136,button,'验证并导入',,'gateway-import-advanced',, ,"render_report_upload(member, key_prefix='gateway') | _render_data_review_queue(records) | session.commit()",包含提交动作，请结合分支核对,False
streamlit_app.py,_render_data_upload_workspace,6152,expander,'高级信息：数据同步记录',,,, ,"render_report_upload(member, key_prefix='gateway') | _render_data_review_queue(records) | session.commit()",包含提交动作，请结合分支核对,True
streamlit_app.py,_render_data_review_queue,6169,expander,f'{_label(record.status)} · {display_provider(record.source_system)} · 需要人工确认',,,, ,session.commit(),包含提交动作，请结合分支核对,True
streamlit_app.py,_render_data_review_queue,6172,expander,'高级信息',,,, ,session.commit(),包含提交动作，请结合分支核对,True
streamlit_app.py,_render_data_review_queue,6174,expander,'查看原始技术信息',,,, ,session.commit(),包含提交动作，请结合分支核对,True
streamlit_app.py,_render_data_review_queue,6179,button,'人工更正',,f'correct-{record.id}',, ,session.commit(),包含提交动作，请结合分支核对,False
streamlit_app.py,render_member_device_assignments,6191,selectbox,'选择成员以管理设备',,'device-assignment-member',members, ,st.form_submit_button('保存设备分配') | session.commit(),包含提交动作，请结合分支核对,True
streamlit_app.py,render_member_device_assignments,6210,expander,'添加或更新设备分配',,,, ,st.form_submit_button('保存设备分配') | session.commit(),包含提交动作，请结合分支核对,True
streamlit_app.py,render_member_device_assignments,6212,selectbox,'设备',,,"['apple_health', 'mock_oura', 'mock_yuwell', 'mock_cgm', 'glucose_meter_interface']", ,st.form_submit_button('保存设备分配') | session.commit(),包含提交动作，请结合分支核对,True
streamlit_app.py,render_member_device_assignments,6213,radio,'设备类别',,,"['WELLNESS', 'MEDICAL_MONITOR']", ,st.form_submit_button('保存设备分配') | session.commit(),包含提交动作，请结合分支核对,True
streamlit_app.py,render_member_device_assignments,6214,selectbox,'连接状态',,,"['PENDING', 'CONNECTED', 'SYNCING', 'MOCK', 'DISABLED']", ,st.form_submit_button('保存设备分配') | session.commit(),包含提交动作，请结合分支核对,True
streamlit_app.py,render_member_device_assignments,6216,form_submit_button,'保存设备分配',,,, ,st.form_submit_button('保存设备分配') | session.commit(),包含提交动作，请结合分支核对,False
streamlit_app.py,main,6264,selectbox,'查看成员',,'member-center-member-select',members, ,"apply_pending_navigation() | _navigation_stage('bootstrap:style', _inject_style) | _navigation_stage('surface', _render_surface_switcher) | _navigation_stage('sidebar', _render_sidebar_navigation) | st.session_state.get('focused_member_id') | _navigation_stage('member list', _members) | _render_portfolio_landing() | _navigation_stage('member-center-sidebar', _render_member_center_navigation) | _navigation_stage('member-center-member', _members) | _render_timed('成员健康中心', lambda: render_member_client_view(patient, page)) | _render_timed('今日', render_manager_dashboard) | _render_timed('医疗协同', render_collaboration_workspace) | _render_timed('服务运营', render_service_operations_workspace) | _render_timed('更多', render_more_workspace) | st.session_state.pop('focused_member_id', None) | _render_timed('成员', lambda: render_members_workspace(members)) | st.session_state.get('portfolio-demo-landing-dismissed') | _render_timed('成员详情', lambda: render_member_detail(patient)) | render_member_client_view(patient, page) | render_members_workspace(members) | render_member_detail(patient)",导航/筛选/选择/展示；见回调,True
